bathrooms,bedrooms,price,num_desc_words
1.0,1,2500,107
1.0,0,1300,89
1.0,3,4050,119
1.0,1,3200,88
1.0,3,3400,62
1.0,1,2195,91
1.0,0,2200,149
1.0,1,3500,140
1.0,1,2795,73
1.0,0,2950,225
1.0,2,2850,104
1.0,1,1995,115
2.0,3,5400,104
1.0,2,2000,82
1.0,1,2800,36
1.0,1,2895,40
1.0,3,2800,19
2.0,2,4510,50
1.0,3,5995,45
1.0,1,2383,90
2.0,2,5450,63
1.0,2,5200,116
1.0,0,1825,50
1.0,1,1800,35
1.0,3,2400,81
1.0,1,1550,85
1.0,0,3250,249
1.0,1,3688,128
1.0,4,3697,114
1.0,1,2900,55
1.0,2,3450,104
1.0,1,1900,89
1.0,2,4995,57
2.0,2,6850,128
1.0,2,3400,49
1.0,1,3850,150
1.0,3,5000,153
1.0,1,2150,105
1.0,1,3350,121
1.0,2,4400,121
1.0,0,3000,119
1.0,1,3505,92
1.0,1,1750,60
1.0,0,2275,119
1.0,1,2950,0
1.0,3,4180,210
1.0,3,4650,34
2.0,2,7310,186
1.0,2,2450,93
1.0,3,4450,136
1.0,1,3475,63
1.0,0,2600,85
1.0,1,1995,36
1.0,2,4495,29
1.0,3,2700,97
1.0,0,2773,273
1.0,0,1695,90
1.0,4,5000,0
1.0,3,5095,117
1.0,0,2350,112
1.0,4,4480,201
1.0,0,3200,0
1.0,2,4247,0
1.0,1,2400,103
1.0,1,2775,104
1.5,4,3595,49
1.0,1,2850,185
1.0,0,2300,39
1.0,1,2498,16
1.0,3,3200,101
1.0,0,1950,55
2.0,3,3400,88
2.0,2,3500,111
1.0,2,3200,113
1.0,1,3750,219
1.0,3,2700,0
1.0,4,4695,100
1.0,1,2550,59
1.0,0,1500,75
1.0,1,2495,14
1.0,0,1795,44
1.0,3,1795,24
2.0,3,2895,118
1.0,1,2600,59
1.0,2,2017,91
2.0,3,4880,174
1.0,0,1895,54
1.0,2,-3200,0
2.0,2,3600,61
1.0,1,2595,36
1.0,2,2350,0
1.0,1,3100,130
1.0,1,2150,137
1.0,3,4024,0
1.0,3,4600,70
1.0,0,2300,75
2.0,3,5400,144
1.0,1,3570,114
2.0,3,5800,178
1.0,0,2950,85
3.0,3,8000,92
1.0,2,2700,93
1.0,1,-3855,15
2.0,2,3900,44
1.0,1,3650,107
1.0,1,3620,110
1.0,0,2595,104
1.0,1,2390,41
1.0,0,1938,139
1.0,0,2200,206
1.0,1,2595,0
1.0,1,3995,84
2.0,2,2350,57
1.0,2,3295,54
2.0,3,6495,109
1.0,2,1900,118
1.0,3,3950,123
1.0,1,4895,0
1.0,3,3725,25
1.0,2,3700,127
1.0,2,3150,38
1.0,1,2650,62
1.0,0,2900,96
1.0,3,3500,140
1.0,2,-3400,113
1.0,2,2000,23
1.0,1,2650,97
1.0,0,2595,22
2.0,2,2800,83
4.0,5,15000,186
3.0,3,6600,0
1.0,2,3289,107
1.0,1,3500,182
1.0,0,2384,47
1.0,1,3400,96
1.0,2,3150,53
2.0,3,5495,6
1.0,2,3200,214
1.0,1,2850,126
1.0,3,4500,71
1.0,1,3595,120
1.0,1,2900,173
1.0,2,3500,65
1.0,0,1900,111
1.0,0,1825,27
2.0,2,3895,82
1.0,1,2990,42
1.0,2,-3200,105
2.0,2,6495,130
1.0,2,3395,196
1.0,1,2795,101
2.0,3,5700,92
1.0,0,3300,117
1.0,1,2465,39
1.0,1,2579,105
2.0,3,4800,55
1.0,0,3150,38
1.0,2,3300,67
1.0,2,2100,153
1.0,3,5395,72
1.0,1,1950,94
1.0,0,1800,52
2.0,3,7500,79
1.0,0,2695,83
1.0,1,4150,32
1.0,3,2450,241
1.0,0,2500,46
1.0,1,3300,123
1.0,0,2800,93
2.0,4,6450,212
2.0,2,6179,0
2.0,2,-4500,72
1.0,2,5100,66
2.0,3,4700,111
2.0,2,5072,147
2.0,2,6185,177
2.0,3,4750,110
1.0,1,3635,101
1.0,1,1725,0
1.0,1,1400,74
1.0,0,3430,98
2.0,3,7675,106
1.0,1,1875,18
1.0,0,2795,171
1.0,0,2780,70
1.0,1,2400,99
3.0,6,12450,142
1.0,1,3975,70
1.0,3,4350,38
1.0,1,2900,82
3.0,2,12500,30
1.0,0,3600,0
1.0,2,3650,55
1.0,1,3825,103
1.0,2,2175,0
1.0,2,3000,112
2.0,2,2750,58
1.0,2,2995,86
1.0,1,1050,25
1.0,1,2599,81
1.0,3,-5050,94
1.0,1,-3800,49
1.0,1,5460,131
1.0,1,4300,55
1.0,0,2300,105
1.0,1,2770,166
3.0,3,14500,180
1.0,1,2050,100
1.0,2,1895,36
3.0,5,11995,111
1.0,1,3395,76
1.0,3,-4195,103
1.0,2,3175,15
1.0,1,1900,2
1.0,3,3250,109
1.0,1,4134,0
1.0,1,3695,121
3.0,4,6100,102
1.0,2,3500,105
1.0,1,3675,0
1.0,0,2150,54
1.0,1,1295,111
2.0,3,5000,121
2.0,3,5095,68
1.0,2,2195,33
1.0,0,2350,98
1.0,2,3695,74
1.0,1,3190,97
1.0,1,2800,64
1.0,1,3150,27
1.0,1,3200,94
1.0,1,2350,0
1.0,0,2600,106
1.0,0,2695,97
1.0,3,5299,100
1.0,1,2245,2
1.0,2,2800,95
1.0,1,2650,0
1.0,1,2600,44
1.0,1,2500,272
1.0,0,2100,129
1.0,2,4031,63
0.0,1,3743,0
1.0,1,2800,144
1.0,2,1650,22
1.0,0,2711,183
1.0,4,3000,22
1.0,3,5095,86
1.0,2,5250,57
1.0,0,2550,37
1.0,0,2495,75
3.0,4,18500,92
1.0,1,1450,0
1.0,2,4156,15
1.0,1,1450,108
1.0,1,1070000,130
1.0,0,2200,56
2.0,2,4950,135
1.0,2,3050,97
2.0,4,7000,174
2.0,3,4200,77
1.0,1,4095,94
1.0,1,2700,107
1.0,1,3885,115
1.0,1,2750,145
1.0,0,3530,0
1.0,0,3030,310
1.0,1,3223,80
1.0,0,2395,57
1.0,1,2750,37
1.0,2,2600,117
1.0,1,2295,2
1.0,1,2800,61
1.0,1,2350,25
2.0,2,5895,26
1.0,2,2925,117
2.0,3,5000,102
2.0,3,6780,44
2.0,4,5900,66
1.0,0,3494,97
1.0,3,-2000,32
1.0,2,3450,96
1.0,0,1650,87
1.0,1,2175,84
1.0,3,2900,73
1.0,2,3450,0
1.0,1,3950,38
1.0,0,1950,45
1.0,3,2100,24
1.0,0,2356,436
1.0,0,2600,157
1.0,3,5500,73
1.0,1,1275,23
1.0,2,3500,92
1.0,1,-3345,156
1.0,1,2225,86
2.0,3,5295,80
1.0,1,1995,87
2.0,2,5250,123
1.0,1,3750,0
1.0,1,1550,46
1.0,1,2400,62
1.0,0,1825,31
1.0,0,3346,62
1.0,0,2050,0
1.0,1,3500,144
1.0,2,4060,145
1.0,1,2995,39
1.0,1,2800,50
1.0,0,2300,48
1.0,1,3750,0
1.0,2,-2500,47
1.0,2,1950,63
1.0,2,1800,115
1.0,1,-3295,0
1.0,1,3200,45
1.0,1,3300,135
1.0,4,5400,136
2.0,2,3570,199
1.0,0,2095,95
1.0,2,3900,242
1.0,0,3865,0
1.0,2,3150,189
2.0,3,5200,88
1.0,3,2999,54
1.0,2,3570,2
1.0,3,2095,15
2.0,3,4400,80
2.0,3,6595,90
1.0,0,2665,82
1.0,0,3000,83
2.0,2,6100,60
1.0,1,1500,111
1.0,0,2936,69
1.0,0,1800,53
1.0,1,2100,91
1.0,2,2400,188
1.0,2,2230,68
1.0,0,2450,171
1.0,1,1700,82
1.0,1,1800,75
1.0,1,2700,156
2.0,3,4762,194
1.0,3,4500,80
1.0,0,3350,0
1.0,2,1925,136
1.0,3,2600,72
1.0,2,1775,0
1.0,1,3000,38
2.0,3,5500,126
1.0,0,2695,43
2.0,3,5237,121
1.0,1,9095,59
1.0,1,2595,130
1.0,0,2950,50
5.0,4,85000,370
1.0,1,2795,107
1.5,3,3300,2
1.0,1,2100,90
2.0,2,4425,0
1.0,0,2695,64
1.0,1,1600,134
1.0,1,2295,34
1.0,3,4100,87
1.0,2,4095,66
2.0,2,5000,57
1.0,3,5200,148
2.0,3,2925,0
1.0,3,5275,160
1.0,2,2050,97
1.0,0,2650,149
2.0,4,-5500,0
1.0,2,3350,2
1.0,2,3100,90
1.0,0,2780,92
1.0,2,3900,51
1.0,3,3200,193
1.0,3,4500,83
1.0,0,2400,46
1.5,2,4450,113
1.0,2,6397,86
1.0,0,2300,2
1.0,1,2200,104
1.0,0,2400,101
1.0,2,2700,59
1.0,1,2200,96
1.0,1,3000,112
2.0,2,5700,115
1.0,0,-3000,189
1.0,1,2000,66
1.0,2,2600,192
1.0,1,3400,103
1.0,3,2200,51
1.0,2,2895,0
1.0,2,2000,0
1.0,1,2475,107
2.0,3,-16000,2
1.0,1,2300,146
1.0,1,1700,74
1.0,0,2600,92
1.0,1,1450,109
1.0,1,3150,61
1.0,0,1725,171
1.0,2,2775,177
1.0,3,4700,72
1.0,0,2550,57
1.0,0,2990,51
2.0,2,3112,357
1.0,2,2050,71
1.0,1,2995,181
1.0,2,3550,46
1.0,2,3598,126
2.0,2,2600,67
1.0,2,3800,156
1.0,2,3100,105
2.0,3,3499,110
1.0,1,2625,63
1.0,2,1650,30
1.0,2,3750,47
1.0,1,2395,174
1.0,1,2975,90
1.0,3,4200,107
1.0,1,2700,129
1.0,2,2875,75
1.0,2,3295,98
1.0,2,3295,49
1.0,0,1370,0
1.0,0,1500,70
2.0,3,3850,96
1.0,1,2700,105
5.0,5,13500,167
2.0,2,6250,172
1.0,0,1750,62
1.0,1,1800,0
1.0,0,-1995,33
1.0,4,6650,58
1.0,3,3600,217
1.0,1,1800,52
1.0,0,-2000,157
1.0,1,4395,0
1.0,0,2695,204
2.0,4,6200,77
1.0,2,3100,97
2.0,3,6000,121
1.0,0,2550,179
1.0,1,-2700,68
1.0,0,2325,141
1.0,0,2500,170
1.0,1,2350,151
1.0,1,3350,154
1.0,3,-4500,126
1.0,0,2700,52
1.0,2,1750,89
1.0,1,3100,123
1.0,3,5295,62
2.0,3,5495,100
1.0,1,4595,120
2.0,4,5995,158
1.0,0,2695,0
2.0,4,6500,2
1.0,2,3650,18
1.0,1,2750,169
1.0,1,3745,68
1.0,1,3345,35
1.0,1,2599,75
1.0,1,2500,60
1.0,2,2795,7
2.0,4,7958,80
1.0,2,2900,61
1.0,0,1995,47
1.0,0,2450,136
1.0,1,1500,130
1.0,1,2600,0
1.5,2,3095,97
1.0,1,1350,62
1.0,3,4475,103
1.0,1,2400,19
1.0,1,2200,39
1.0,1,4276,76
1.0,0,2500,134
1.0,2,4000,0
1.0,1,2500,77
1.0,1,2799,55
1.0,1,3805,57
1.0,1,3450,18
1.0,1,2050,230
1.0,2,4900,16
1.0,0,3150,112
1.0,1,2525,204
3.0,3,11000,114
1.0,1,2395,133
2.0,2,5500,108
1.0,0,2650,28
2.0,2,4995,56
1.0,2,1900,97
1.0,1,2200,206
1.0,2,1950,90
2.0,3,4500,63
2.0,2,4100,131
1.0,2,2500,143
1.0,2,2875,111
1.0,3,3200,148
2.0,2,3992,154
1.0,2,4095,65
2.0,4,6495,72
1.0,1,2495,53
1.0,2,1695,27
1.0,1,2850,158
1.0,1,-2150,7
1.0,2,4400,107
1.0,1,1800,122
1.0,1,2471,150
1.0,1,4300,106
1.0,0,2500,9
1.0,2,1875,29
1.0,1,2995,81
1.0,2,3200,0
1.0,1,1900,80
1.0,2,2700,136
1.0,1,1625,37
1.0,2,3250,32
1.0,1,2500,118
2.0,2,5500,128
1.0,2,3495,124
1.0,2,3250,49
1.0,1,4475,131
1.0,2,3200,0
1.0,2,2800,92
1.0,2,-3760,176
2.0,3,3000,106
1.0,0,2695,112
1.0,0,3230,13
1.0,1,3250,96
1.0,1,3750,183
2.0,3,4725,208
1.0,0,2095,96
0.0,2,2850,0
1.0,0,2695,34
1.0,0,2500,134
2.0,2,7635,182
2.0,1,5166,0
1.0,0,2900,79
2.0,2,6195,92
1.0,1,2350,62
1.0,1,1750,29
1.0,1,3325,0
1.0,3,3050,131
1.0,3,3850,105
1.0,2,3685,89
1.0,0,-2995,84
1.0,1,3225,93
1.0,3,2975,257
1.0,1,1650,61
1.0,0,2775,52
1.0,1,1985,9
1.0,3,2500,94
2.0,3,2300,53
3.0,3,9250,186
1.0,0,1850,48
1.0,2,3000,106
1.0,0,3050,106
1.0,1,2350,26
1.0,1,3445,88
2.0,3,3900,0
1.0,0,2125,55
1.0,0,2190,89
1.0,3,4195,137
1.0,3,2500,97
1.0,1,1950,134
1.0,1,-2625,54
2.0,3,5100,199
1.0,0,2200,156
1.0,0,2100,81
2.0,2,8850,0
1.0,1,3065,110
1.0,0,3000,144
1.0,3,3995,100
2.0,4,5000,211
1.0,0,1895,102
1.0,1,3375,27
1.0,3,2000,95
1.0,2,3295,58
1.0,0,2100,0
1.0,1,2075,77
3.0,3,12000,89
1.0,2,3795,70
1.0,3,4350,55
1.0,0,2025,33
1.0,2,2750,57
2.0,3,4500,143
2.0,3,5000,114
1.0,0,2850,72
2.0,2,3400,45
1.0,0,5500,41
1.0,1,2300,56
1.0,1,2525,70
2.0,3,4121,64
1.0,1,2775,65
1.0,1,4100,0
1.0,2,4700,114
2.0,3,5000,110
1.0,0,1800,80
1.0,1,3595,71
1.0,2,3100,63
1.0,1,3750,0
2.0,2,4947,15
2.0,2,7329,132
1.0,2,3693,120
1.0,2,2450,0
1.0,2,2275,140
1.0,1,1800,58
1.0,0,1710,25
1.0,2,2375,35
1.0,1,1900,2
1.0,1,2795,66
1.0,1,2199,60
1.0,0,2347,99
1.0,0,3895,97
1.0,2,1850,39
1.0,1,3295,72
1.0,2,3760,194
1.0,1,2975,67
1.0,2,1900,0
1.0,1,2539,226
2.0,2,7000,96
1.0,1,1950,69
1.0,1,1795,2
1.0,2,2400,0
2.0,3,5790,123
1.0,1,3500,147
1.0,2,2600,92
1.0,1,2800,42
1.0,3,3785,78
1.0,2,3350,80
2.0,3,5900,70
1.0,0,1950,0
1.0,1,1625,36
1.0,1,1750,35
2.0,3,4500,72
1.0,1,3500,189
2.0,2,2595,55
1.0,1,3500,127
2.0,2,7195,66
1.0,2,4000,0
2.0,4,5000,128
1.0,1,3000,150
1.0,2,2350,30
2.0,3,4530,102
1.0,1,1475,43
1.0,3,4750,96
3.0,3,10750,189
1.0,1,2999,102
2.0,4,3900,76
1.0,2,3700,101
1.0,3,2450,149
2.0,2,3110,362
1.0,3,4650,29
2.0,3,4500,120
1.0,1,4300,148
1.0,1,3495,133
1.0,2,3100,106
1.5,4,5500,246
1.0,2,4200,121
1.0,0,2625,48
1.0,0,3660,234
1.0,0,2350,204
1.0,1,2075,56
1.0,1,2475,140
1.0,0,2425,96
1.0,0,4200,31
1.0,2,3050,121
1.0,2,3895,29
1.0,1,3050,63
1.0,2,3000,93
1.0,0,1250,11
1.0,1,2585,234
1.0,2,4495,23
1.0,0,5350,112
2.0,2,5408,110
1.0,0,2650,79
2.0,3,2300,16
2.0,2,5400,192
1.0,1,3425,77
1.0,0,2300,97
1.0,2,2300,36
1.0,1,-2150,59
1.0,1,2700,34
1.0,0,1700,35
1.0,2,3000,125
1.0,2,3050,90
1.0,4,6000,69
1.0,1,3240,106
1.0,2,2995,56
2.0,3,5895,21
2.0,2,5195,141
1.0,1,3000,107
1.0,2,3850,191
1.0,0,2538,67
1.0,1,4181,31
1.0,2,2600,200
1.0,1,2150,63
2.0,4,5400,91
1.0,2,3887,0
2.0,2,5787,260
1.0,1,2700,95
1.0,0,1895,50
1.0,2,2200,35
1.0,2,2400,171
2.0,3,4500,169
2.0,3,3700,90
1.0,0,3700,86
1.0,4,5000,114
1.0,1,2250,54
1.0,0,2500,247
1.0,1,3000,216
1.0,2,6025,89
1.0,2,3200,29
1.0,2,4029,0
1.0,2,1700,59
1.0,2,3200,59
1.0,1,4015,36
1.0,1,3690,98
1.0,0,2095,57
2.0,2,2990,40
1.0,2,2200,64
2.0,3,4895,96
1.0,1,1800,83
1.0,0,2395,82
1.0,2,2750,61
1.0,1,3163,119
1.0,3,4000,16
2.0,2,4825,111
1.0,1,5200,114
1.0,0,2700,107
1.0,1,2933,50
1.0,3,2700,50
2.0,3,4900,74
1.5,3,2400,31
1.0,1,1700,59
1.0,1,-2675,125
1.0,0,1795,54
1.0,1,4895,0
1.0,1,2550,0
5.0,4,27300,86
1.0,0,2275,30
1.0,1,2300,50
1.0,0,3465,37
1.0,1,3795,35
1.0,3,-4575,111
1.0,1,3678,126
2.0,2,11950,183
1.0,2,3600,93
1.0,1,2865,98
1.0,0,-2500,103
1.0,1,2955,84
1.0,1,2595,49
1.0,2,2650,269
1.0,2,3950,57
1.0,2,3295,3
1.0,0,2500,79
1.0,2,3499,121
1.0,1,-3490,2
1.0,1,2500,48
2.0,2,4625,0
1.0,2,4500,0
1.0,2,3200,179
2.0,2,5500,115
1.0,1,2800,81
1.0,3,3600,51
1.0,1,1725,196
1.0,0,2600,77
1.0,1,2700,85
1.0,2,3195,81
1.0,0,3150,48
2.0,3,6000,116
1.0,1,2350,81
1.0,1,3795,58
1.0,0,2725,30
1.0,2,3395,107
1.0,2,3200,32
1.0,1,2195,37
2.0,2,11000,91
1.0,0,2825,23
1.0,1,2775,38
1.0,3,2475,67
1.0,3,4000,104
1.0,0,1650,116
1.0,2,4500,43
1.0,3,2800,34
2.0,2,4200,111
1.0,1,3895,53
1.0,2,4295,36
1.0,0,1900,0
1.0,0,1975,73
1.0,2,2650,104
2.0,3,3795,120
1.0,0,3270,29
1.0,2,1900,24
1.0,2,3200,100
2.0,3,4475,106
1.0,2,3200,155
2.0,4,2492,126
1.5,1,4250,111
1.0,0,2300,0
1.0,1,2100,32
1.0,3,4000,106
3.0,3,6995,70
1.0,2,2575,91
1.0,0,2395,75
2.0,2,1595,186
1.0,2,4000,87
1.0,3,5600,30
2.0,3,4700,70
1.0,4,5000,153
1.0,1,4450,87
2.0,2,11000,130
1.0,1,3895,0
1.0,0,2760,146
1.0,2,3000,88
1.0,0,1900,63
1.0,0,2300,108
1.0,2,1900,52
2.0,2,5125,44
1.0,1,3295,67
1.0,0,3595,187
1.0,1,2150,65
1.0,2,3250,108
1.0,1,3050,42
1.0,3,2975,94
1.0,2,2050,57
1.0,2,3200,166
1.0,0,1895,10
2.0,2,4900,178
1.0,0,2500,155
1.0,1,3495,52
1.0,1,4790,67
1.0,2,3600,85
1.0,2,3876,209
1.0,1,2350,22
2.0,3,5500,61
1.0,1,2700,97
2.0,2,4000,80
1.0,2,3450,102
2.0,4,7850,128
1.0,1,1700,56
2.0,2,4200,233
1.0,3,3850,86
1.0,1,3600,22
1.0,1,2050,116
1.0,1,1700,107
1.0,0,2350,199
1.0,0,1850,0
1.0,1,2900,83
1.0,0,2095,64
1.0,0,2200,49
1.0,3,4595,69
1.0,2,3200,17
1.0,0,2595,7
1.0,1,3999,75
1.0,0,2000,150
1.0,0,-2900,35
1.0,1,1600,77
1.0,1,3095,78
1.0,0,2490,185
1.0,1,3879,70
1.0,1,2750,69
2.0,2,5500,57
2.0,3,5400,105
1.0,2,1900,150
1.0,2,2995,39
1.0,0,2500,247
2.0,1,4495,238
1.0,0,2195,175
1.0,1,2600,104
1.0,1,4000,70
1.0,0,2500,28
1.0,0,2400,90
1.0,2,1950,82
1.0,2,1999,142
1.0,1,4450,22
1.0,2,2800,152
1.0,1,2889,1
1.0,3,3975,72
1.0,0,2625,62
1.0,0,1750,78
1.0,2,2500,133
1.0,0,1450,0
1.0,0,2490,200
1.0,1,2600,68
1.0,2,2850,75
1.0,1,2200,44
1.0,2,4850,178
1.0,0,1895,30
1.0,0,2495,142
1.0,2,3900,0
1.0,1,3595,63
1.0,0,3850,0
1.0,2,2600,107
2.0,3,4595,57
1.0,1,3350,173
1.0,1,3295,83
2.0,3,4600,130
1.0,3,2899,36
1.0,2,3500,146
2.0,2,3700,165
2.0,2,-5400,120
1.0,1,2500,0
1.0,2,3800,79
1.0,2,3495,110
1.0,2,2800,152
2.0,2,6295,245
2.0,3,5200,104
2.0,4,5500,116
1.0,2,3125,114
1.0,0,2100,70
1.0,2,3400,169
1.0,0,2800,201
1.0,4,-5850,147
1.0,0,2695,42
1.0,0,1650,38
1.0,1,4200,61
1.0,3,2875,112
1.0,1,4530,15
1.0,2,4050,121
1.0,2,3450,80
1.0,2,3995,149
1.0,1,3200,52
1.0,1,3495,47
1.0,1,2550,73
1.0,0,2659,88
2.0,3,4795,74
1.0,0,2100,25
1.0,0,1550,128
1.0,1,2695,44
1.0,1,4300,81
3.0,6,8000,92
1.0,0,2750,19
1.0,1,1849,45
1.0,0,2000,123
1.0,0,2900,278
1.0,0,2290,227
2.0,3,3700,82
2.0,3,5000,77
3.0,3,11200,90
1.0,0,2000,57
1.0,1,2300,132
1.0,0,2300,44
1.0,0,1925,95
1.0,0,2795,49
1.0,2,4975,90
1.0,0,4800,0
2.0,2,7416,102
1.0,0,1850,91
1.0,0,-2150,30
2.0,3,5995,118
1.0,2,2650,56
1.0,1,3050,70
0.0,0,3030,223
1.0,1,3595,106
1.0,2,3500,0
2.0,2,6000,91
1.0,0,1244,0
1.0,0,2650,28
1.0,0,2495,51
1.0,0,2200,80
1.0,0,3000,125
1.0,2,3250,24
1.0,3,3895,37
1.0,2,3049,69
1.0,1,2800,49
1.0,2,3800,3
1.0,0,2300,24
1.0,2,2400,65
1.0,2,2900,118
1.0,0,2400,93
1.0,2,3100,142
1.0,0,1400,30
1.0,0,2995,93
1.0,2,4975,110
2.0,3,4395,104
2.0,3,7150,0
2.0,3,5495,156
2.0,2,4300,46
1.0,0,1430,0
1.0,2,3150,1
2.0,1,2690,83
1.0,0,4145,102
2.0,4,5000,122
2.0,2,4000,29
2.0,3,5000,136
1.0,2,5000,30
2.0,2,6200,142
1.0,0,3155,152
2.0,3,5300,106
1.0,2,1850,58
1.0,0,3000,71
1.0,1,3650,223
1.0,1,2800,35
1.0,2,2300,70
2.0,3,7650,222
2.0,2,5500,104
2.0,3,5000,77
1.0,0,1750,46
2.0,3,8300,171
1.0,2,3258,240
1.0,1,3450,53
1.0,1,2100,60
1.0,3,4495,136
1.0,2,4395,91
1.0,0,1550,0
2.0,3,5000,88
3.0,4,-11750,84
1.0,0,2500,71
1.0,2,3270,148
1.0,1,2650,77
1.0,0,2995,69
1.0,0,2100,80
1.0,1,2650,46
1.0,1,2795,178
2.0,4,6695,76
1.0,0,2400,21
1.0,2,3550,122
2.0,3,4600,92
1.0,1,3760,0
2.0,2,7350,73
1.0,0,1995,130
1.0,0,2650,18
1.0,2,2100,94
1.0,0,2441,199
2.0,1,5000,126
2.0,4,5350,145
1.0,1,3580,39
1.0,3,3100,137
1.0,0,3725,87
1.0,1,2200,54
1.0,1,3550,116
1.0,1,1850,110
1.0,2,3050,126
1.0,2,3750,50
1.0,0,2675,31
1.0,3,4095,87
1.0,1,5000,123
2.0,2,5850,83
1.0,1,1850,83
1.0,2,2895,89
1.0,0,1650,104
1.0,1,3300,53
1.0,2,3200,97
2.0,3,5500,94
1.0,3,4600,72
1.0,1,2500,47
1.0,0,2500,27
1.5,3,4900,130
1.0,0,2300,132
1.0,0,2295,80
1.0,1,2650,32
1.0,2,2550,59
1.0,0,2200,10
1.0,1,1850,23
1.0,1,3600,60
1.0,1,2550,124
1.0,2,2700,47
1.0,0,2630,138
1.0,2,3200,58
1.0,2,4750,91
1.0,2,1695,6
1.0,0,2450,143
1.0,1,4030,184
2.0,2,6000,41
1.0,1,2827,200
1.0,1,3450,203
1.0,1,3500,62
2.0,3,4500,88
2.0,2,6000,95
1.0,0,2363,142
1.0,3,3625,253
1.0,1,3400,144
1.0,1,4260,153
1.0,2,4195,57
2.0,2,5600,128
1.0,1,4775,21
1.0,1,1700,2
1.0,0,2400,102
1.0,0,1800,91
1.0,1,2395,55
1.0,0,2300,80
1.5,2,7500,76
1.0,2,-1975,97
1.0,1,-3795,94
1.0,2,3600,24
1.0,3,5400,62
2.0,2,4250,129
1.0,0,2350,53
2.0,2,6450,151
1.0,0,2400,90
1.0,1,4395,89
1.0,2,3795,0
1.5,4,3595,40
1.0,2,4000,70
1.0,0,2375,138
1.0,1,2800,85
1.0,1,3695,100
1.0,0,2850,126
1.0,1,6160,0
1.0,1,4395,84
1.0,1,3200,45
2.0,1,3650,171
1.0,3,3850,59
1.0,1,1500,32
1.0,3,3700,94
1.0,2,2295,59
2.0,2,-5745,183
1.0,2,3595,62
1.0,0,2550,41
1.5,1,8895,0
1.0,3,4200,157
1.0,0,1750,125
1.0,2,3750,0
2.0,3,7150,0
1.0,2,5250,83
1.0,0,2325,220
1.0,2,3000,44
1.0,2,3236,138
1.0,2,3750,0
2.0,3,5395,130
1.0,1,3600,60
1.0,2,2350,69
1.0,3,4495,47
1.0,2,2300,125
1.0,1,2500,120
1.0,1,3795,0
1.0,0,2800,173
1.0,0,2695,83
1.0,0,1975,85
1.0,1,3850,57
0.0,0,2575,241
1.0,1,2795,93
1.0,2,2895,19
1.0,1,1650,0
1.0,3,2895,100
1.0,1,2500,58
1.0,1,2500,130
1.0,2,2295,55
1.0,2,2145,94
1.0,2,3595,175
1.0,2,2450,50
1.0,1,2100,51
1.0,2,3500,135
3.0,3,13080,131
1.0,2,2950,39
1.0,0,2100,84
1.0,1,2000,37
1.0,1,3800,115
2.0,3,5500,106
1.0,1,3250,92
1.0,1,3495,195
1.0,1,5390,125
1.0,1,3350,105
1.0,3,2600,0
1.0,1,5025,96
2.0,4,8000,67
2.0,3,7000,91
1.0,3,4200,0
1.0,3,5700,153
1.0,2,2350,36
1.0,1,3750,145
1.0,1,2500,76
1.0,1,2800,37
1.0,1,1400,78
1.0,3,2400,111
1.0,2,3000,84
2.0,2,19938,56
1.0,1,4150,2
2.0,3,2497,131
1.0,1,2800,90
2.0,3,4772,131
2.0,3,4700,183
1.0,0,3795,64
1.0,3,4250,43
1.0,0,1150,74
1.0,1,3075,95
1.0,2,4095,30
1.0,3,3500,64
1.0,1,3100,108
1.0,3,4695,45
2.0,4,5200,87
1.0,2,3950,174
2.0,3,4975,23
1.0,1,2995,98
1.5,2,4400,203
2.0,4,3900,98
1.0,1,2250,104
2.0,3,6200,79
1.0,2,3700,109
1.0,1,1800,0
1.0,2,2900,24
2.0,3,3295,73
1.0,2,3095,90
1.0,0,2400,141
1.0,1,2065,72
1.0,1,3860,169
1.0,1,3350,65
1.0,2,2895,48
1.0,3,3800,191
1.0,1,3195,15
2.0,2,3000,63
1.0,3,4950,94
1.0,0,-3375,23
1.0,1,2875,0
1.0,1,4050,113
1.0,2,3450,48
1.0,1,3200,0
1.0,2,2600,159
1.0,3,2600,76
1.0,2,3995,105
1.0,2,2650,55
2.0,2,4823,113
1.5,4,6495,66
1.0,1,2450,156
1.0,2,3200,144
2.0,3,6000,130
1.0,2,4725,250
1.0,2,3050,150
1.0,0,2995,86
1.0,1,3708,142
1.0,1,1800,48
1.0,0,2300,83
1.0,0,2300,24
1.0,2,2745,48
1.0,1,2550,78
1.0,1,3800,81
1.0,0,2195,60
1.0,1,3450,41
1.0,0,1750,29
2.0,2,14000,313
1.0,0,2475,0
2.0,2,8140,232
1.0,0,2350,58
1.0,0,2850,48
1.0,0,3600,194
2.0,2,6200,187
1.0,1,3795,74
1.0,0,3083,121
2.5,2,6200,78
2.0,3,4500,91
1.0,1,2500,75
1.0,2,1550,23
1.0,1,2495,100
1.0,0,1795,112
1.0,1,3350,66
1.0,1,3300,188
1.0,1,2695,86
3.0,3,11250,132
2.0,4,5733,120
1.0,1,1700,37
1.0,1,5000,94
1.0,1,1375,55
1.0,1,2700,64
1.0,1,4550,130
1.0,3,6000,61
1.0,0,2910,90
1.0,0,2450,43
1.0,2,5500,64
1.0,0,2725,50
1.0,0,2300,95
3.0,3,13490,100
1.0,1,3500,88
1.0,1,3375,0
1.0,1,3100,124
2.0,3,6895,101
1.0,0,999,0
1.0,0,2900,74
2.0,2,4845,0
1.0,0,1950,70
2.0,3,6250,60
1.0,3,3950,122
1.5,3,4650,96
1.0,1,-2600,100
1.0,1,2650,34
1.0,2,3595,137
2.0,4,6000,76
1.0,2,3200,74
1.0,1,3495,53
5.0,4,27750,67
1.0,3,3689,51
1.0,2,2895,54
2.0,4,5525,92
1.0,0,2895,67
1.0,2,2980,153
1.0,1,3550,40
1.0,2,2400,78
1.0,2,3800,106
1.0,0,1400,52
1.0,0,1700,81
1.0,0,2561,172
1.0,1,1895,56
2.0,3,4840,62
1.0,2,3600,55
1.0,1,2250,88
1.0,1,3500,104
1.0,1,3895,111
1.0,2,3200,62
1.0,1,3895,352
1.0,2,3495,114
1.0,2,3995,54
1.0,1,2050,36
2.0,3,5200,104
1.0,0,3350,0
2.0,3,4900,143
1.0,1,3525,107
1.0,2,3200,152
2.0,2,4250,59
1.0,1,2895,0
2.0,2,3600,0
1.0,2,3400,83
1.0,0,-2500,85
2.0,4,7000,79
1.0,0,2700,135
1.0,4,5900,56
1.0,2,4500,222
1.0,2,3075,83
1.0,0,2300,119
1.0,0,2395,79
2.0,4,6000,139
1.0,0,2000,64
2.0,3,4500,4
1.0,1,3000,113
1.0,2,3225,97
2.0,2,1800,172
1.0,1,1500,20
2.0,3,4700,115
1.0,3,2300,62
1.0,1,4250,29
1.0,1,4000,61
2.0,2,5000,268
2.0,2,2300,30
1.0,0,2400,80
1.0,1,1895,0
1.0,2,2280,64
1.0,0,2600,182
1.0,2,3199,135
1.0,3,3595,60
1.0,0,2300,82
1.0,2,3800,100
2.0,3,10570,145
1.0,2,3595,48
1.0,0,2250,77
1.0,2,2000,47
1.0,0,1990,124
1.0,1,3895,131
1.0,1,2700,197
2.0,3,5000,72
1.0,1,3845,68
1.0,1,2495,51
1.0,1,2000,171
1.0,0,1900,67
1.0,2,3693,92
1.0,1,4895,28
2.0,4,3700,61
2.0,3,4700,89
1.0,1,3650,122
1.0,1,3644,74
1.0,1,2750,62
1.0,2,3795,91
1.0,2,3850,63
1.0,2,2500,83
1.0,2,4495,152
1.0,0,2200,50
1.0,1,2500,137
1.0,1,1600,69
3.0,3,12000,141
2.5,2,6700,88
1.0,0,3050,76
1.0,1,5490,0
1.0,0,2150,80
1.0,1,2575,91
2.0,3,5175,126
1.0,2,3200,56
1.0,1,1395,61
1.0,1,2400,44
1.0,0,12000,46
2.0,3,18500,66
1.0,2,3275,34
1.0,2,1925,70
2.0,1,4650,0
1.0,2,3400,132
2.0,2,8280,91
1.0,1,-2950,165
1.0,1,2400,145
1.0,1,2495,40
1.0,0,1950,30
2.0,4,-4800,154
1.0,0,1695,72
1.0,1,5400,127
1.0,2,2850,54
1.0,2,2850,54
2.0,4,5350,73
1.0,4,4425,104
1.0,2,2650,172
1.0,1,3795,94
1.0,2,-2950,143
1.0,1,1500,59
2.0,1,2325,79
2.0,3,4500,101
2.0,2,6000,94
3.0,4,5500,104
3.0,3,12495,376
1.0,2,2000,80
1.0,2,2295,90
1.0,1,4495,96
1.0,2,4200,111
1.0,1,3995,71
1.0,1,4095,343
1.0,0,2300,22
2.0,4,-5695,145
1.0,2,3500,131
1.0,1,3425,24
1.0,1,2950,65
1.0,4,6450,175
1.0,1,4020,0
2.0,2,5557,101
1.0,2,3600,109
1.0,1,2650,72
1.0,0,2100,34
1.0,2,3200,94
1.0,1,2800,87
1.0,2,3400,213
1.0,1,2400,0
1.0,0,2705,47
1.0,0,2450,164
1.0,0,2695,93
1.0,1,2800,50
1.0,1,1395,60
1.0,1,5200,103
2.0,3,6000,103
2.0,3,5500,107
2.0,3,4900,245
1.0,0,3365,91
1.0,1,2983,113
1.0,3,3995,97
1.0,1,1900,91
2.0,3,5350,84
1.0,1,1750,2
1.0,1,3225,50
1.0,2,2985,125
1.0,2,1800,41
2.0,3,-4650,134
1.0,1,4100,0
2.0,4,6000,105
1.0,2,2650,54
1.0,1,1625,74
1.0,3,2650,196
1.0,0,3350,0
1.0,3,3795,201
2.0,2,4670,147
2.0,3,4850,108
1.0,1,3600,81
1.0,0,2045,35
1.0,1,3280,104
1.0,2,4050,95
2.0,4,4495,104
1.0,1,3930,102
1.0,1,2500,83
1.0,0,2291,65
2.0,4,6200,101
1.0,0,2500,97
1.0,1,3900,101
1.0,0,2300,69
1.0,3,4000,75
1.0,0,1850,37
1.0,2,2810,124
1.0,2,3300,88
2.0,2,7700,122
1.0,1,2700,39
1.0,1,2800,112
3.0,3,11000,135
1.0,1,2195,0
1.0,1,2150,47
1.0,0,2200,2
1.0,2,2600,41
1.0,2,2200,76
1.0,2,3495,0
2.0,2,4000,130
1.0,2,3200,57
1.0,3,2850,44
1.0,1,2750,74
1.0,3,4600,81
1.0,1,2750,144
2.0,2,3250,0
2.0,2,3700,114
1.0,0,2350,94
1.0,2,3295,130
1.0,3,2100,199
1.0,1,1955,91
1.0,1,3850,0
2.0,3,5300,94
1.0,2,3895,0
1.0,1,1900,0
1.0,0,2450,93
1.0,1,2150,81
1.0,2,4350,140
1.0,1,1995,71
1.0,2,3050,162
1.0,0,2200,23
1.0,2,3250,0
1.0,2,2200,93
1.0,1,3281,0
2.0,3,4850,130
1.0,1,2775,46
1.0,2,2700,103
2.0,3,6100,118
1.0,0,2700,38
1.0,1,2150,19
1.0,0,2700,46
1.0,4,3150,56
2.0,3,5500,182
1.0,2,2550,101
1.0,2,3795,70
1.0,1,1650,51
2.0,3,4500,144
1.0,1,3250,199
1.0,1,4095,65
1.0,1,1700,92
1.0,1,3450,61
1.0,1,3834,119
1.0,1,4160,89
2.0,2,5870,0
3.0,3,6895,246
1.0,2,2999,45
2.0,2,4450,52
1.0,0,2544,104
2.0,2,7300,119
1.0,2,3010,102
1.0,1,2525,77
1.0,1,3200,145
2.0,2,9755,105
2.0,2,4600,91
1.0,1,5000,117
1.0,1,2750,93
1.0,0,2095,4
1.0,2,3100,117
1.0,2,2550,25
1.0,1,3369,77
1.0,2,3400,66
1.0,1,3425,95
1.0,1,2100,62
1.0,1,2613,72
2.0,3,5300,160
1.0,1,3650,96
2.0,5,9000,89
1.0,2,2600,70
1.0,2,2600,219
2.0,1,2600,57
1.0,3,4200,112
1.0,1,2585,67
3.0,3,7995,147
1.0,1,3050,113
1.0,2,4195,121
2.0,3,3750,155
1.0,1,3610,0
1.0,4,5975,0
1.0,1,2350,35
1.0,1,3695,114
1.0,0,2300,83
1.0,3,3700,5
1.0,2,3145,84
3.5,4,15000,128
0.0,0,1750,0
1.0,1,2500,63
1.0,1,1825,64
1.0,2,3600,0
1.0,3,3000,104
1.0,2,1900,75
1.0,1,2850,65
1.0,1,4000,116
1.0,2,2595,40
1.0,2,3995,63
1.0,1,2150,28
2.0,4,3300,62
1.0,0,2500,85
1.0,0,1500,31
1.0,2,2100,91
1.0,0,1750,267
1.0,0,9000,0
1.0,3,6200,93
1.0,2,3500,87
3.0,7,6923,240
1.0,1,3688,219
1.0,1,3600,179
3.0,4,5500,104
1.0,0,2600,33
1.0,1,3100,126
2.0,4,4995,118
4.0,5,20000,58
2.0,4,6400,108
1.0,2,4900,72
1.0,1,2050,96
1.0,0,2755,38
1.0,1,1700,193
1.0,2,4900,101
1.0,2,2750,95
2.0,2,3200,47
1.0,0,1250,95
1.0,1,3100,42
1.0,3,4300,132
1.0,2,3695,11
1.0,0,1895,90
1.0,2,4000,111
0.0,2,15000,148
2.0,2,5395,142
1.0,1,4495,79
1.0,3,3000,44
1.0,2,2725,93
1.0,0,-3354,133
1.0,0,2765,67
1.0,2,3700,74
2.0,2,4790,74
2.0,2,8000,54
1.0,1,5250,83
1.0,0,2195,72
1.0,1,3250,91
1.0,1,4000,17
1.0,3,4200,74
1.0,1,2500,316
1.0,2,3300,106
1.0,1,4495,0
1.0,0,-2590,75
1.0,2,3100,94
2.0,3,7250,60
1.0,1,3795,281
2.0,3,4950,50
2.0,3,2600,2
1.0,3,4650,118
2.0,3,5800,0
1.0,0,2300,128
1.0,1,5330,71
1.0,1,2850,7
1.0,2,3200,22
1.0,1,3795,111
1.0,0,2500,51
1.0,1,1995,58
2.0,3,4450,80
1.0,0,2250,37
1.0,0,2225,46
1.0,0,2575,118
1.0,2,3175,77
1.0,1,3500,0
1.0,0,1875,71
2.0,2,4600,66
1.0,0,1250,24
1.0,0,2100,105
1.0,0,2675,50
1.0,1,2400,54
1.0,3,4095,79
1.0,1,2850,14
1.0,2,3350,81
1.0,1,3475,59
2.0,2,6725,49
1.0,2,3250,36
1.0,3,5000,0
1.0,1,1900,32
1.0,1,-2825,105
1.0,2,3000,124
1.0,0,2575,8
1.0,3,4000,85
1.0,3,3600,145
1.0,2,4000,182
1.0,0,2380,97
2.0,3,4500,106
1.0,0,2450,95
2.0,3,5500,100
1.0,3,4200,48
4.0,4,12500,95
1.0,2,3025,253
1.0,1,3100,58
1.0,1,3500,158
2.0,4,6000,79
1.0,2,2000,107
1.0,3,3725,88
1.0,2,2500,23
1.0,1,3795,42
1.0,1,3150,85
1.0,1,3200,156
1.0,1,3000,0
2.0,2,4095,197
1.0,2,2575,61
1.0,3,4600,89
1.0,0,2250,85
2.0,2,12000,156
1.0,3,4595,32
1.0,2,2595,109
1.0,1,2700,292
1.0,3,2500,119
1.0,2,-3320,67
1.0,3,-4600,128
1.0,2,3200,76
1.0,0,2995,45
2.0,3,4800,99
1.0,0,2295,133
1.0,1,1550,0
1.0,2,2100,126
2.0,3,6250,0
1.0,0,3240,0
1.0,1,4695,91
2.0,4,6200,130
1.0,2,2464,123
1.0,3,3495,62
1.0,2,1900,97
1.0,1,3500,60
1.0,3,3495,58
1.0,0,1950,45
1.0,1,3395,120
1.0,4,6000,90
1.0,2,4199,2
2.0,2,5675,84
1.0,2,2950,136
1.0,2,3000,53
1.0,0,2150,34
1.0,1,1350,74
1.0,3,2300,91
1.0,2,2250,115
1.0,2,4200,116
1.0,0,2250,49
1.0,1,3200,81
1.0,2,3100,121
1.0,1,3450,162
1.0,2,3958,74
1.0,2,4598,111
1.0,2,1950,72
1.0,1,2100,127
3.0,4,11955,0
1.0,0,3150,0
1.5,2,3625,0
1.0,2,3199,47
3.0,3,8500,97
1.0,2,2995,53
1.0,1,4220,196
1.0,1,2200,91
1.0,3,5299,72
2.0,3,4400,98
1.0,2,3350,0
1.0,0,1825,32
1.0,2,2850,46
1.0,1,2800,95
1.0,0,2400,129
2.0,2,-7150,117
1.0,1,3950,55
2.0,3,5800,133
1.0,3,4490,49
1.0,2,2500,89
1.0,0,2300,113
1.0,1,4500,148
1.0,1,4295,81
3.0,3,13995,379
1.0,0,2650,77
1.0,1,3150,110
1.0,2,3800,83
1.0,1,5475,65
1.0,3,3300,23
1.0,2,2580,7
1.0,2,2995,70
1.0,1,2995,129
1.0,1,2700,67
2.0,3,4800,105
1.0,2,2850,50
1.0,3,3600,57
1.0,2,2595,33
1.0,1,3495,0
2.0,2,4200,50
1.0,2,3450,62
2.0,2,3400,60
1.0,0,2100,26
1.0,2,3050,96
1.0,3,4000,32
1.0,0,2113,61
1.0,0,2000,26
2.0,3,6000,221
1.0,0,2397,156
1.0,1,3800,19
1.0,2,3095,60
1.0,3,5000,20
1.0,3,3300,19
1.0,2,3495,122
1.0,0,1965,71
1.0,2,5550,92
1.0,0,1550,0
1.0,1,3220,72
1.0,1,2250,35
1.0,0,1750,22
1.0,0,1450,61
2.0,0,5000,184
1.0,0,2870,82
1.0,2,2895,53
2.0,3,7000,88
2.0,2,4300,41
1.0,3,5900,46
2.0,3,9500,104
1.0,0,2195,119
1.0,1,2350,67
1.0,2,2500,71
1.0,2,3400,133
1.0,1,2300,44
2.0,4,7000,230
1.0,3,3950,63
1.0,1,1995,27
1.0,3,4295,144
1.0,2,3899,41
1.0,0,2700,136
1.0,2,3300,91
2.0,3,4200,165
1.0,0,2395,49
2.0,2,5650,89
1.0,1,2475,52
1.0,0,2325,99
1.0,2,1800,32
2.0,3,5495,4
1.0,2,3020,251
1.0,2,5800,258
1.0,2,2995,74
1.0,1,3000,93
1.0,2,2000,102
1.0,2,4100,93
1.0,1,2000,104
1.0,2,3995,110
1.0,3,3800,95
1.0,1,4180,42
1.0,3,2500,33
1.0,1,4500,139
2.0,3,5959,51
1.0,3,3855,64
1.0,2,4146,66
1.0,0,1900,100
2.5,3,20000,103
2.0,2,6500,117
1.0,1,2800,103
1.0,2,3250,81
1.0,0,2700,123
1.0,2,3200,60
1.0,0,3508,112
1.0,2,3150,85
1.0,2,2575,36
1.0,2,5395,95
2.0,3,4600,184
2.0,4,6295,48
1.0,2,1800,50
1.0,3,5350,56
2.0,3,6700,46
3.0,3,12995,47
1.0,2,3295,90
1.0,2,2700,98
1.0,0,2995,79
1.0,0,3016,236
1.0,1,3800,105
1.0,0,1690,44
2.0,3,5700,105
1.0,2,1900,97
1.0,1,3695,88
1.0,1,2350,35
1.0,1,2195,27
1.0,0,1700,17
2.0,4,4690,167
2.0,2,9195,64
2.0,3,9895,62
2.0,2,5680,109
1.0,1,2500,96
1.0,1,3695,37
1.0,1,3000,115
1.0,1,3995,52
1.0,0,2199,256
1.0,2,3895,0
1.0,2,2000,76
1.0,3,2500,87
1.0,2,3500,63
1.0,1,3940,0
1.0,0,2195,45
1.0,2,3695,108
1.0,1,2250,85
1.0,0,1875,101
1.0,3,2500,99
1.0,1,3200,73
1.0,2,2700,87
2.0,4,5795,148
1.0,3,-4100,85
2.0,1,4830,52
1.0,1,2525,75
1.0,1,2100,55
1.0,2,2200,60
1.0,2,3250,147
1.0,1,2350,145
1.0,2,2800,76
1.0,1,3499,89
1.0,2,3895,34
1.0,1,2750,40
1.0,2,4095,130
1.0,3,2495,147
1.0,2,-2395,136
1.0,2,3200,91
1.0,0,1750,0
1.0,1,2200,37
1.0,1,2600,80
1.0,1,-2250,61
1.0,1,2700,97
2.0,3,6150,142
1.0,1,3100,81
1.0,3,5595,121
1.0,2,2000,42
1.0,0,2895,68
1.0,2,3350,75
2.0,2,5500,87
1.0,1,2825,101
1.0,2,1795,22
1.0,1,4495,83
1.0,1,2250,88
1.0,1,1850,209
1.0,2,2500,99
1.0,1,2900,91
1.0,0,2200,101
1.0,3,6150,130
1.0,1,2250,99
1.0,0,3200,44
1.0,0,2600,38
1.0,2,2550,95
1.0,1,4795,24
0.0,3,3250,0
1.0,3,2400,97
1.0,0,3485,83
1.0,0,2100,85
1.0,0,2000,61
1.0,3,3650,94
1.0,1,3200,62
1.0,2,3500,68
1.0,2,1800,56
1.0,3,2800,86
1.0,1,2651,146
1.0,1,3700,54
1.0,0,2700,68
1.0,3,3600,162
1.0,3,3750,71
1.5,4,3000,60
1.0,0,2400,83
1.0,1,2250,19
1.0,1,2350,49
2.0,2,5090,131
1.0,0,2325,44
1.0,1,2595,35
1.0,1,2550,127
1.0,1,1500,181
1.0,2,2500,143
1.0,1,3725,145
1.0,2,5465,0
1.0,0,2875,54
1.0,2,3500,140
2.0,2,4500,136
3.0,2,15900,78
1.0,0,2000,100
1.0,4,6376,119
1.0,1,2600,35
1.0,1,4400,132
1.0,1,2495,124
1.0,0,2100,86
1.0,3,3435,276
1.0,3,2700,108
1.0,2,1850,54
1.0,1,3000,72
1.0,1,4525,0
2.0,2,3250,0
1.0,1,3795,81
1.0,2,3745,0
1.0,1,2630,0
0.0,1,3677,0
1.0,2,2800,179
1.0,1,3295,178
1.0,2,3000,89
1.0,0,2100,126
1.0,0,2500,198
2.0,4,6700,74
2.0,2,6595,0
2.0,3,7295,0
2.0,3,3250,112
1.0,1,3495,66
2.0,2,7000,171
1.0,3,3000,12
1.0,0,1995,268
1.0,0,-2400,48
2.0,2,3600,174
1.0,2,3200,138
1.0,2,2995,72
1.0,0,2195,49
1.0,3,3665,112
1.0,0,4095,99
2.0,3,4400,148
1.0,2,3600,235
2.0,3,6000,122
1.0,1,2550,31
1.0,2,-2795,56
1.0,0,2795,175
1.0,0,1625,81
1.0,1,2975,14
1.0,1,2050,45
1.0,2,4360,146
1.0,2,3650,125
1.0,2,5000,131
0.0,2,3599,0
1.0,0,2500,92
1.0,0,2720,161
1.0,1,2650,78
1.0,2,2395,41
1.0,2,3395,57
1.0,1,2200,51
1.0,0,2900,66
1.0,1,2750,63
1.0,1,3300,71
1.0,1,2900,78
1.0,2,3100,14
1.0,0,2500,60
1.0,1,2150,83
1.0,1,2400,278
1.0,2,6500,0
1.0,0,1400,82
1.0,1,1750,39
1.0,3,3715,129
2.0,3,3400,139
2.0,3,7250,89
1.0,2,3300,257
2.0,2,6240,227
2.0,3,4800,94
2.0,3,4675,106
1.0,2,3600,44
1.0,1,2195,0
1.0,1,3800,209
1.0,1,3550,56
1.0,2,-5500,188
1.0,0,2295,84
1.0,2,2600,58
1.0,2,3325,92
1.0,2,2990,44
1.0,2,3500,68
1.0,2,3100,31
1.0,3,2725,76
1.0,4,1900,56
1.0,2,3593,91
1.0,2,2995,26
1.0,1,3500,134
2.0,2,5652,0
1.0,1,-2495,161
1.0,1,3050,81
2.0,4,6000,49
1.0,1,2400,81
2.0,2,5700,48
1.0,3,5100,128
2.0,4,7700,55
1.0,0,2700,110
1.0,0,2199,37
2.0,3,7800,52
1.0,1,3000,88
1.0,2,3500,84
1.0,2,3000,52
1.0,0,3435,115
1.0,1,2950,111
1.0,1,3620,98
1.0,1,3500,25
1.0,1,2654,98
1.0,1,3000,199
1.0,0,6995,53
2.0,2,6300,172
2.0,3,4900,132
1.0,2,3295,88
1.0,0,-2500,60
3.0,3,15995,80
1.0,0,2495,108
1.0,2,3950,73
1.0,3,3200,57
1.0,0,1400,57
1.0,1,3795,33
1.0,1,2050,94
1.0,1,1750,65
1.0,0,2650,57
1.0,1,3500,104
1.0,2,3300,9
1.0,1,3250,31
1.0,1,2500,56
1.0,4,4300,33
1.0,2,3400,81
1.0,0,1950,74
1.0,2,2195,22
1.0,2,3200,172
1.0,2,3350,266
1.0,1,1400,0
2.0,2,4925,162
0.0,0,2500,87
1.0,2,3800,79
1.0,2,3500,39
1.0,1,4295,0
1.0,1,2600,105
2.0,2,-4300,83
1.0,0,2225,0
1.0,1,3190,57
2.0,4,-6495,112
1.0,2,4195,89
1.0,3,4400,145
1.0,1,-3175,65
1.0,1,4995,0
2.0,2,4350,120
1.0,0,2400,105
2.0,3,8000,87
2.0,1,3275,0
1.0,1,2830,70
1.0,1,3325,77
1.0,1,2390,140
1.0,1,2695,51
1.0,1,2300,61
1.0,2,3675,80
1.0,2,2700,78
1.0,3,3100,59
1.0,1,2849,88
1.0,1,1800,44
1.0,1,2850,116
2.0,2,5440,85
1.0,2,2700,123
2.0,3,6895,101
1.0,1,1950,67
1.0,1,1700,20
1.0,0,3075,0
1.0,3,4500,86
2.0,2,4975,114
1.5,1,4100,39
1.0,2,3400,113
1.0,1,2499,18
1.0,1,6000,76
1.5,1,2795,63
2.0,3,7995,129
1.0,3,3595,224
1.0,4,3100,105
1.0,3,3200,38
2.0,3,4580,149
1.0,0,1825,47
1.0,1,3795,39
1.0,1,2209,72
3.0,3,8000,138
1.0,0,1605,40
1.0,1,3695,91
1.0,2,3590,55
1.0,0,2195,48
1.0,1,4800,7
1.0,1,3295,65
2.0,2,2950,33
1.0,1,3100,22
1.0,0,1750,69
3.0,4,11500,154
1.0,0,2300,226
1.0,0,2650,123
1.0,1,3230,66
1.0,0,-1975,70
1.0,1,3360,114
1.0,1,2700,99
1.0,2,2475,50
1.0,2,3208,105
1.0,1,3100,0
1.0,1,3500,87
1.0,2,3795,111
1.0,3,3800,97
1.0,0,2595,127
1.0,0,1450,25
1.0,1,2800,50
2.0,2,7200,131
1.0,2,3500,68
1.0,0,3375,116
1.0,1,2960,74
2.0,2,3500,94
1.0,1,3500,80
1.0,0,1750,2
1.0,2,3595,35
1.0,0,2720,124
1.0,1,2775,0
1.0,0,3450,127
1.0,1,3900,0
1.0,0,2880,0
1.0,2,3600,206
1.0,0,2854,238
1.0,0,2260,55
1.0,1,3995,13
2.0,3,6785,68
1.0,3,4500,88
2.0,4,5800,80
1.0,0,1895,105
1.0,0,1725,0
2.0,3,5500,122
2.0,3,4270,134
1.0,1,2200,190
1.0,2,2650,89
1.0,0,1700,10
1.0,1,2100,77
1.0,2,4250,29
1.0,0,2620,264
1.0,2,2895,148
2.0,3,5799,124
1.0,1,2675,26
1.0,2,2000,0
1.0,0,1800,39
1.0,0,1850,53
1.0,1,2700,86
1.0,2,1925,94
1.0,0,2300,65
1.0,2,3100,107
1.0,0,2895,93
1.0,0,1925,31
1.0,0,3050,123
1.0,3,3575,90
1.0,1,3395,80
1.0,1,2495,24
2.5,2,8475,158
1.0,0,2600,43
1.0,0,2300,11
1.0,0,1195,46
1.0,1,-2600,86
1.0,1,1950,94
1.0,1,2900,64
1.0,1,2400,21
1.0,1,3544,56
1.0,2,2745,57
1.0,1,1900,44
1.0,1,2895,38
1.0,2,2400,38
1.0,1,2125,76
1.0,0,2500,2
1.0,0,1500,50
1.0,1,2679,131
1.0,2,3650,101
1.0,2,2995,47
1.0,1,2400,3
2.0,2,5775,164
1.0,1,5085,119
2.0,4,7600,97
1.0,1,1900,102
2.0,3,4895,77
1.0,0,3150,79
1.0,1,3119,55
1.0,1,3250,93
1.0,2,2695,85
1.0,3,4000,76
1.0,1,3900,75
3.0,3,3870,113
1.0,1,3600,62
1.0,1,2695,21
2.0,3,4625,91
1.0,1,2395,126
2.0,2,5500,113
2.0,2,4995,56
2.0,2,8925,67
1.0,2,3799,298
1.0,3,3725,72
1.0,1,3750,116
1.0,2,3295,88
1.0,0,2500,127
2.0,3,5100,114
2.5,3,11000,80
1.0,0,1795,33
1.0,1,2595,83
1.0,2,3147,329
1.0,1,2723,130
1.0,1,2595,0
1.0,2,1700,52
2.0,2,7600,0
1.0,1,3250,0
1.0,2,-3295,74
1.0,1,2649,53
1.0,0,2000,21
0.0,0,2200,94
1.5,2,5000,53
1.0,0,1650,62
1.0,2,1700,111
1.0,0,2295,75
1.0,0,2375,47
1.0,1,2695,110
1.0,1,3900,100
1.0,0,1900,69
1.0,0,3195,0
1.0,3,2800,46
1.0,2,2775,54
2.0,2,4900,79
1.0,1,1495,60
1.0,2,3100,176
1.0,1,2590,166
2.0,5,8304,0
1.0,0,2195,137
1.0,2,3200,159
1.0,1,2395,10
1.0,1,1650,76
1.0,1,4697,335
2.0,2,5250,136
1.0,0,2395,50
1.0,1,3200,73
1.0,2,3295,125
1.0,2,4280,147
1.0,3,3900,91
1.0,1,3475,81
1.0,1,2200,68
1.0,1,2500,86
2.0,2,8290,101
1.0,1,4625,0
2.0,2,4790,76
1.0,2,3350,0
1.0,0,1825,67
1.0,0,2500,60
1.0,2,3800,68
1.0,0,3650,29
1.0,1,2640,137
2.0,4,6900,87
2.0,4,3750,39
1.0,1,2000,72
1.0,3,2600,47
1.0,0,1400,19
1.0,1,4445,58
1.0,1,2150,105
1.0,0,2500,92
2.0,4,6300,144
1.0,2,4695,109
1.0,2,3871,148
1.0,0,1900,32
1.0,2,3826,66
1.0,0,2400,45
2.0,3,3500,91
1.0,1,2750,131
1.0,2,3400,110
1.0,0,2500,46
1.0,1,4500,76
1.0,1,4295,50
1.0,1,2000,31
2.0,5,8354,0
2.0,4,5500,103
1.0,2,3650,91
1.0,0,2200,223
2.0,3,7900,92
1.0,1,2750,72
1.0,1,2995,82
1.0,0,2790,103
1.0,2,3300,89
1.0,1,2800,42
1.0,1,3300,104
1.0,2,2245,47
1.0,2,2995,70
1.0,2,2750,84
1.0,0,2000,39
1.0,2,2350,36
1.0,0,2725,100
1.0,0,4555,0
1.0,1,2195,97
1.0,3,4595,43
1.0,2,2500,0
1.0,2,3600,101
1.0,0,2200,64
1.0,2,3150,79
1.0,2,2650,84
1.0,1,3450,124
1.0,1,2550,51
1.0,1,3195,58
2.0,2,4650,134
1.0,2,3250,93
1.0,3,2000,29
2.0,1,5499,11
1.0,3,1856,52
1.0,0,2175,51
1.0,1,2925,219
1.0,0,2250,55
1.0,2,1785,42
1.0,3,3200,62
1.0,2,3100,89
1.0,2,2995,51
2.0,2,4900,98
1.0,2,3850,191
1.0,2,4850,0
1.0,2,2895,0
1.0,0,3212,0
1.0,0,2700,0
1.0,0,1900,24
2.0,4,7500,113
1.0,1,2100,50
1.0,1,4000,0
1.0,0,2470,106
2.0,0,6800,110
1.0,2,3000,157
2.0,3,5000,110
1.0,0,1950,176
1.0,2,4100,151
2.0,4,5000,75
1.0,1,3395,91
2.0,2,5275,55
1.0,2,3000,69
1.0,2,2375,109
1.0,1,3880,84
1.0,2,3200,61
1.0,0,2475,229
1.0,0,2200,0
1.0,2,1604,46
1.0,1,2895,65
1.0,1,2750,0
1.0,1,1650,59
1.0,2,-3495,59
1.0,1,2200,72
1.0,1,2950,78
1.0,2,3100,124
1.0,0,1800,44
1.0,3,3500,140
2.0,2,5000,32
1.0,1,1575,19
1.0,1,2945,50
2.0,3,3700,132
1.0,0,2570,140
1.0,1,3375,134
1.0,1,4150,138
1.0,3,5945,15
1.0,2,-2300,132
1.0,3,2895,211
1.0,0,3685,74
1.0,3,2895,0
1.0,0,2600,83
1.0,1,2700,36
1.0,0,2575,130
1.0,0,2200,298
2.0,2,2450,117
1.0,2,2650,62
1.0,0,2875,97
1.0,0,2100,107
1.0,3,5700,47
2.0,2,7500,314
1.0,1,2400,71
1.0,0,3125,181
1.0,1,2575,45
1.0,0,2575,0
1.0,1,4895,36
1.0,0,2400,21
3.0,3,4750,95
1.0,1,3695,147
1.0,1,2850,93
1.0,1,2650,115
2.0,2,2300,71
1.0,0,2200,94
1.0,1,3795,91
2.0,2,7520,0
1.0,2,2700,121
1.0,1,2350,18
1.0,2,3595,32
1.0,1,1800,58
1.0,1,3550,93
1.0,2,7500,97
2.5,3,8000,116
1.0,0,2150,121
1.0,1,1495,137
1.0,0,2499,28
1.0,2,2100,18
1.0,1,2100,45
1.0,0,2450,132
1.0,2,3250,72
1.0,2,4095,67
1.0,1,3140,44
1.0,2,2600,92
1.0,2,1625,80
2.0,2,9495,120
1.0,1,3595,81
1.0,1,3700,100
1.0,1,2500,47
1.0,1,1295,0
1.0,1,3500,159
1.0,2,3000,88
1.0,0,2000,98
1.0,1,3388,38
1.0,1,3650,122
1.0,2,3950,204
1.0,1,2350,145
1.0,1,3326,99
1.0,1,2095,58
1.0,2,3300,38
1.0,0,1800,93
4.0,5,12000,32
2.0,2,6890,87
1.0,0,1949,15
2.0,3,2700,15
1.0,2,-2998,96
1.0,1,2650,112
1.0,1,2050,33
4.0,5,15500,0
2.0,2,5500,0
1.0,0,2695,0
1.0,1,2975,30
1.0,2,2895,0
1.0,0,1895,84
1.0,2,3600,88
1.5,1,2900,63
1.0,4,2850,44
3.0,3,6500,18
1.0,1,1695,158
1.0,0,-1500,30
1.0,1,3450,110
1.0,1,2764,135
2.0,3,4842,234
1.0,2,2688,81
1.0,2,3500,67
2.0,2,5648,0
2.0,3,3200,97
2.0,2,6200,48
2.0,2,6000,116
1.0,0,1975,85
1.0,1,4095,41
1.0,1,3200,70
1.0,2,3400,169
1.0,1,3445,71
1.0,2,3075,82
1.0,2,2295,27
1.0,3,3435,115
1.0,2,3600,118
1.0,1,3350,58
1.0,1,3000,108
1.0,0,2450,55
1.0,1,2900,65
1.0,3,3000,87
2.0,4,5895,95
2.0,2,6450,206
1.0,0,3750,0
1.0,2,3550,87
1.0,2,3650,144
1.0,4,5900,79
1.0,2,2700,46
1.0,2,2995,143
4.0,4,30000,70
1.0,0,2900,84
1.0,2,3600,0
1.0,2,3550,150
1.0,0,1600,77
1.0,0,2765,148
1.0,1,3585,75
1.0,2,1900,16
1.0,1,3425,18
1.0,3,6300,121
1.0,0,1739,47
1.0,2,2875,119
2.0,4,3995,190
1.0,0,2500,140
1.0,0,1850,11
2.0,2,5000,82
1.0,0,1890,66
1.0,1,2995,92
1.0,2,1950,0
1.0,1,3250,169
1.0,2,1800,28
2.5,3,13500,24
1.0,3,2995,93
1.0,1,2500,139
1.0,2,3400,154
1.0,2,3400,81
1.0,2,2800,54
1.0,2,3295,102
1.0,1,3800,41
1.0,1,2790,82
2.0,3,5600,99
1.0,2,3295,39
1.0,3,4300,136
1.0,2,2800,62
2.0,2,3895,104
1.0,0,2450,127
1.0,2,2950,41
1.0,2,3700,42
1.0,0,2291,61
1.0,1,2595,2
2.0,2,6250,128
1.0,1,1995,45
1.0,0,3225,114
4.0,4,17000,125
3.0,4,5000,125
1.0,1,2945,89
1.0,1,2095,65
1.0,1,2850,2
1.0,1,4995,0
1.0,1,2750,177
1.0,2,1850,22
1.0,0,2800,128
3.0,2,6795,71
1.0,3,2895,26
1.0,0,1675,44
1.0,1,2250,64
1.0,1,3895,49
1.0,0,3395,33
1.5,2,4400,61
1.0,1,2200,70
2.0,4,5750,85
1.0,3,3961,117
1.5,2,3200,116
2.0,2,9500,201
2.0,2,8897,155
2.0,5,6000,35
1.0,1,2500,157
1.0,2,3800,137
2.0,3,5890,125
1.0,3,6075,0
1.0,1,3200,107
1.0,2,4600,111
1.0,3,3350,189
1.0,2,4500,67
1.0,1,3800,96
1.0,0,2250,182
1.0,2,2510,18
2.0,3,3425,105
1.0,2,3495,73
1.0,2,1950,58
1.0,2,4295,85
1.0,1,3250,42
1.0,1,3400,129
2.0,2,4500,110
1.0,1,3350,143
2.0,4,6795,31
2.0,2,5226,55
1.0,3,4995,80
1.0,2,-2000,49
2.0,3,2850,28
1.0,1,2100,55
1.0,3,3595,154
2.0,2,6995,116
1.0,0,2700,39
1.0,2,3495,99
1.0,1,2195,2
1.0,0,2195,53
1.0,1,3680,59
1.0,2,2291,154
2.0,2,5269,66
1.0,1,2725,34
1.0,1,2850,40
1.0,0,2250,34
1.0,0,2710,20
1.0,0,2600,108
1.0,0,2000,46
1.0,2,3150,54
1.0,1,2750,173
1.0,0,2890,101
1.0,1,1903,99
1.0,2,3200,128
1.0,1,4000,81
2.0,3,5985,220
1.0,2,2960,41
2.0,3,4630,103
1.0,0,2650,76
2.0,4,4970,63
1.0,2,2100,107
1.0,0,2125,36
1.0,2,3450,79
2.0,2,4875,150
1.0,2,3195,94
1.0,0,2599,83
2.0,5,8109,0
2.0,2,9300,19
1.0,2,2700,118
1.0,1,2600,34
2.0,2,6295,100
1.0,2,3400,101
1.0,2,3450,127
1.0,1,4100,130
2.0,4,4800,137
1.0,2,4499,166
1.0,2,2150,103
2.0,2,6645,42
1.0,1,2795,5
1.0,1,2895,119
1.0,2,3595,47
1.0,2,2100,76
1.0,0,2750,20
1.0,1,3600,60
1.0,0,9391,98
1.0,0,1800,43
1.0,2,3200,2
1.0,0,2450,46
2.0,2,2450,36
1.0,1,3595,92
1.0,2,1550,67
1.0,0,1900,24
1.0,1,4595,118
1.0,2,3400,82
1.0,1,3250,35
1.0,2,3150,137
1.0,1,2275,67
1.0,1,2050,143
1.0,2,2695,54
2.5,3,-10000,110
2.5,3,5995,234
1.0,1,3200,99
2.0,3,2150,118
2.0,2,3900,48
1.0,1,1900,106
1.0,2,5490,96
2.0,3,4100,158
2.0,3,4650,128
1.0,0,2900,52
1.0,0,2090,53
2.0,3,4900,92
1.0,1,1900,0
1.0,1,2100,118
1.0,0,2750,116
1.0,1,1995,25
1.0,1,4395,95
1.0,2,3995,63
1.0,1,3450,82
1.0,2,3650,78
1.0,0,3495,0
1.0,0,1565,53
1.0,1,2100,61
1.0,0,3495,32
1.0,0,2600,78
2.0,3,3950,97
2.0,3,7500,2
1.0,2,3600,127
1.0,2,2995,96
1.0,1,2800,203
1.0,2,3250,86
1.0,3,4790,129
1.0,2,3850,79
1.0,0,2995,90
1.0,1,3000,78
1.0,1,2200,68
1.0,1,3163,89
2.0,2,4150,85
1.0,0,2850,48
1.0,1,6130,0
1.0,2,3500,158
2.0,2,4100,125
1.0,3,5250,64
1.0,2,1900,28
1.0,1,2800,29
1.0,1,2400,51
0.0,0,1755,48
1.5,2,4000,140
1.0,1,2800,95
2.0,3,4900,111
1.0,2,3900,41
2.0,4,9990,191
1.0,3,3941,64
1.0,0,2450,142
1.0,1,3500,64
1.0,1,4390,85
1.0,1,2755,0
2.0,2,5000,87
1.0,2,3650,63
1.0,2,7895,128
1.0,1,1850,0
2.0,3,11900,123
1.0,1,2845,143
1.0,2,3100,75
1.0,1,2625,97
1.0,2,3095,73
1.0,2,2200,122
1.0,0,1975,91
1.0,0,2975,0
1.0,1,1900,56
1.0,1,1325,100
1.0,2,2950,158
1.0,3,3995,103
1.0,1,3600,153
1.0,1,3438,203
1.0,2,3695,48
2.0,2,2250,57
1.0,2,3357,159
1.0,1,2050,21
2.0,4,4950,66
1.0,0,3100,141
1.0,1,2565,138
1.0,1,2495,156
1.0,4,5400,117
1.0,0,2475,11
1.0,1,2395,81
1.0,2,4600,140
1.0,1,3400,142
2.0,2,5755,131
1.5,2,3200,110
1.0,2,2595,33
1.0,0,2175,65
1.0,1,2701,90
2.0,2,5100,73
1.0,1,2700,90
1.0,0,2450,147
1.0,1,1600,60
1.0,0,1850,76
1.0,1,2400,96
1.0,1,3195,0
1.0,0,1950,0
1.0,1,3706,115
1.0,0,2400,132
1.0,1,2300,116
2.0,2,5269,66
1.0,0,1795,171
2.0,2,3000,214
2.0,3,11000,78
2.0,3,5395,159
1.0,2,2255,0
1.5,1,4000,81
1.0,1,2600,135
1.0,1,5665,234
1.0,3,4000,0
1.0,3,4500,72
1.0,2,2550,170
2.0,3,6800,148
1.0,1,3450,35
1.0,1,2350,130
2.0,4,8000,49
1.0,2,2650,125
1.0,2,3695,77
1.0,2,3600,68
1.0,2,3250,74
2.5,3,5725,86
1.0,3,4995,44
1.0,0,3000,187
2.0,2,5695,181
3.0,3,7999,152
1.0,1,3950,89
1.0,1,1675,2
1.0,1,2538,96
2.0,3,6000,82
1.0,1,4320,0
1.0,1,2500,58
1.0,1,1950,85
1.0,1,2895,96
1.0,1,1850,42
1.0,2,3478,90
2.0,3,6195,109
3.0,3,7200,145
1.0,1,2030,66
1.0,2,2950,58
1.0,1,2995,131
2.0,4,3750,12
1.0,3,3600,95
1.0,0,2900,116
1.0,1,3352,131
1.0,1,2275,0
1.0,0,1500,94
1.0,2,4850,100
1.0,1,1950,128
2.0,2,5100,37
1.0,0,2450,163
1.0,1,1745,130
1.0,2,3400,130
1.0,0,2500,64
1.0,2,2150,0
1.0,1,3095,0
1.0,1,3300,56
1.0,2,2000,74
1.0,0,2350,48
1.0,2,4495,0
2.0,3,4950,163
1.0,2,3300,61
2.0,2,4900,55
1.0,2,2700,75
4.0,4,35000,119
1.0,0,3587,85
1.0,1,1925,69
2.0,3,6995,62
2.5,2,8000,147
1.0,1,4000,156
1.0,1,3200,46
1.0,2,3635,92
1.0,1,2400,24
2.0,2,7500,181
1.0,1,4200,313
1.0,1,4000,62
1.0,0,2400,103
1.0,1,2995,87
2.0,2,4995,157
2.0,3,8500,92
1.0,2,2600,67
1.0,0,3055,208
1.5,1,5175,128
1.0,0,1725,30
2.0,2,13995,128
1.0,1,2599,76
2.0,2,2709,174
1.0,1,1750,0
1.0,3,5195,97
1.0,1,2654,195
2.0,2,4900,114
1.0,2,3050,80
2.0,2,4995,106
1.0,1,2400,77
3.0,4,9000,92
1.0,1,2200,61
2.0,2,5700,0
1.0,3,2050,25
2.0,2,6250,125
1.0,0,2600,83
1.0,0,1590,37
3.0,3,10000,129
1.0,0,2095,18
1.0,0,2450,56
1.0,0,2703,158
1.0,2,3050,76
1.0,3,3171,77
1.0,0,2050,99
1.0,1,3323,0
1.0,1,2150,98
2.0,3,5400,144
3.0,4,11750,122
2.0,4,6495,94
0.0,1,-2954,86
2.0,3,4950,123
1.0,0,3420,157
2.0,3,4500,77
1.0,1,2631,172
1.0,1,3495,48
1.0,1,3875,73
1.0,2,3050,125
1.0,1,2600,108
1.0,2,3200,60
2.0,2,7000,126
1.0,4,2507,133
2.0,5,7000,0
1.0,0,2050,121
1.0,1,2675,73
1.0,0,2490,55
1.0,0,2600,52
1.0,2,3300,129
1.0,1,2888,115
1.0,1,3250,116
1.0,2,3830,122
1.0,0,2090,53
1.0,3,2750,32
1.0,1,4560,0
1.0,2,2000,97
1.0,1,2799,20
1.0,0,2700,45
1.0,2,2250,216
1.0,0,4200,107
1.5,3,2750,179
1.0,1,1525,124
1.0,0,3000,30
1.0,1,3600,71
1.0,0,2600,78
1.0,1,4444,153
1.0,0,2300,118
1.0,0,1200,23
1.0,1,2800,85
2.0,2,2541,2
1.0,4,6750,68
1.0,0,2150,0
1.0,1,3600,76
1.0,1,-2995,0
1.0,2,3350,39
1.0,0,2550,46
1.0,0,2700,111
3.0,3,12000,54
1.0,1,3200,102
1.0,2,1850,67
1.0,0,2200,88
1.0,3,4200,145
1.0,1,-2300,79
2.0,2,4870,56
1.0,3,5502,0
1.0,1,1550,164
1.0,2,2600,84
1.0,2,2600,81
1.0,0,1750,36
1.0,2,3000,76
1.0,0,2492,111
2.0,2,4900,0
1.0,3,4000,9
1.0,0,2100,64
1.0,1,2750,38
1.0,3,2000,20
1.0,3,5400,25
1.0,2,3700,157
1.0,3,2600,38
2.0,4,6795,78
2.0,3,4800,124
1.0,2,1795,79
1.0,4,3675,67
1.0,1,-2950,98
1.0,3,3687,91
1.0,0,2300,118
1.0,1,2900,231
1.0,2,2250,108
1.0,0,-1900,80
3.0,3,-10000,124
1.0,2,4400,115
1.0,3,3900,179
1.0,1,3700,37
1.0,1,3525,66
1.0,1,2400,54
1.0,1,3200,94
1.0,0,2550,134
1.0,3,4495,169
1.0,0,2790,106
1.0,2,4950,72
1.0,2,2850,82
1.0,2,3049,125
1.0,1,1950,65
2.0,2,5000,74
1.0,1,4450,87
3.0,3,5650,241
1.0,0,2500,95
2.0,4,3300,22
1.0,3,4000,28
1.0,1,4333,257
2.0,3,8000,95
1.0,1,2995,14
2.0,0,4800,0
1.0,1,4523,138
1.0,2,3200,120
2.0,3,4495,90
1.0,2,4650,148
1.0,3,3100,126
1.0,3,4500,99
1.0,2,3595,69
2.0,4,5500,43
1.0,2,3479,68
1.0,1,1950,108
2.0,4,5900,40
1.0,1,3325,77
1.5,3,5550,29
1.0,1,3895,131
1.0,0,2200,54
0.0,2,2990,0
1.0,1,4320,210
1.0,0,2350,49
1.0,2,3295,13
2.0,3,-6200,10
2.0,2,2100,124
1.0,3,5195,76
2.0,3,4000,128
2.0,2,3387,294
1.0,0,2450,256
1.0,3,4695,66
1.0,0,2375,118
2.0,2,5499,194
1.0,1,3650,37
2.0,4,5500,94
1.0,2,3000,37
2.0,3,11500,64
1.0,2,2995,65
1.0,3,2995,71
2.0,2,4100,49
1.0,0,3125,2
1.0,3,4150,0
1.0,2,3507,122
1.0,3,4295,179
1.0,2,3600,79
1.0,2,2975,67
2.0,2,8915,16
1.0,0,2150,86
1.0,1,2595,0
1.0,0,2446,96
1.0,0,2895,0
1.0,1,3790,165
1.0,0,2850,2
1.0,1,2800,59
1.0,1,2850,38
1.0,0,3995,113
2.0,4,5000,196
2.0,2,3325,31
2.0,4,4650,161
1.0,1,4500,40
1.0,0,2495,119
1.0,1,3350,180
1.0,1,4100,64
1.0,0,3000,176
1.0,0,2500,44
1.0,1,1435,55
1.0,1,2195,113
1.0,0,2500,112
1.0,0,3175,110
1.0,2,3000,53
1.0,1,4667,78
1.0,2,4750,82
1.0,1,3250,123
1.0,1,4732,109
2.0,2,6235,212
1.0,2,3200,89
1.0,0,2375,27
2.0,3,3700,78
1.0,3,5955,15
3.0,3,8000,146
1.0,1,3300,66
1.0,0,1495,66
1.0,3,5295,0
2.0,4,6000,79
1.0,3,3800,72
1.0,0,1800,17
2.0,2,4900,57
1.0,2,3700,38
1.0,1,-3400,72
1.0,1,2495,191
1.0,2,4900,100
1.0,1,2500,187
2.0,2,5200,203
4.0,5,9300,57
1.0,1,-3100,87
1.0,2,3300,143
2.0,3,4500,89
1.0,1,3000,118
1.0,0,2400,120
1.0,1,1990,65
1.0,0,2400,29
1.0,1,4950,67
1.0,1,3500,428
2.0,2,9000,150
2.0,2,3395,120
1.0,0,2749,116
1.0,1,3495,46
1.0,2,2500,194
1.0,0,1795,153
2.0,2,5250,134
2.0,3,2995,133
1.0,1,2800,68
2.0,3,5800,90
1.0,2,-3395,72
1.0,3,2500,110
1.0,0,2850,42
2.0,2,4850,188
1.0,0,1850,65
1.5,2,4395,92
2.0,2,3355,81
1.0,0,2275,65
1.0,1,2500,123
1.0,1,3295,118
1.0,2,3450,50
3.0,4,7000,123
1.0,2,5150,85
1.0,1,3690,39
1.0,2,-3300,59
1.0,1,2800,0
1.0,0,2200,54
2.0,3,5000,147
1.0,2,2500,62
1.0,2,3200,73
1.0,2,2650,95
2.0,3,-4995,97
2.0,3,6600,99
1.0,2,2500,196
1.0,0,2900,74
2.0,2,5100,189
1.0,1,5200,100
1.0,3,5500,82
1.0,1,2200,56
1.0,2,2566,163
1.0,2,2850,108
1.0,0,1700,6
1.0,0,3295,0
1.0,1,2700,170
1.0,1,3750,339
1.0,3,1950,0
1.0,1,3950,160
1.0,1,3850,45
1.0,3,4553,84
1.0,0,2488,71
1.0,3,4354,81
1.0,1,3595,91
1.0,0,1295,40
1.0,0,2050,89
1.0,0,1875,45
1.0,2,2950,38
2.0,1,5795,67
1.0,3,4650,0
1.0,2,4100,95
1.0,3,3100,103
1.0,1,2600,64
1.0,2,2931,306
2.0,4,5200,158
1.0,1,2950,55
2.0,4,5800,118
1.0,2,3250,0
2.0,3,5495,154
1.0,1,3675,12
1.0,3,4995,0
1.0,1,2295,100
1.0,1,2450,102
1.0,3,3941,43
1.0,2,2750,139
1.0,2,1799,171
1.0,1,2400,42
1.0,1,2250,76
1.0,1,2695,0
1.0,2,4195,45
2.0,3,3000,103
1.0,0,2450,129
1.0,1,4195,0
3.0,3,8000,205
1.0,1,2400,34
3.0,3,8500,103
1.0,2,7450,71
2.0,4,5500,199
0.0,1,4795,135
1.0,3,5595,77
2.0,4,4000,56
1.0,1,2108,67
2.5,3,4700,51
1.0,1,1900,2
1.0,2,3400,140
1.0,1,2700,0
1.0,2,1700,34
1.0,1,2850,98
1.0,0,2450,2
1.0,1,2800,59
1.0,2,1900,100
1.0,3,3800,104
1.0,2,-2295,59
1.0,2,2600,14
1.0,0,2450,73
1.0,2,2995,73
1.0,2,1995,37
1.0,1,3295,174
1.0,0,1875,38
1.0,1,4000,2
1.0,1,2795,100
1.0,1,2700,255
2.0,3,4592,127
1.0,0,2795,68
1.0,2,2700,99
2.0,4,4695,111
1.0,2,2300,78
1.0,0,1550,88
1.0,1,2850,26
2.0,2,3000,56
1.0,0,1675,36
1.0,0,1825,88
2.0,3,5500,79
1.0,2,3295,147
1.0,3,6095,244
1.0,2,3199,71
1.0,1,3500,36
1.0,2,2750,173
1.0,1,3995,92
1.0,1,3100,166
1.0,1,3450,161
1.0,3,3000,93
1.0,2,2100,116
2.0,2,5850,113
1.0,2,3200,100
1.0,3,3200,117
1.0,1,3765,254
1.0,2,3000,75
1.0,0,2700,115
1.0,0,3535,112
1.0,1,2200,39
1.0,2,3215,121
1.0,0,1895,29
1.0,1,4304,0
1.0,1,2600,47
1.0,2,2600,154
1.0,3,3700,102
1.0,1,2400,180
1.0,2,2500,81
1.5,3,4895,90
1.0,2,3495,114
2.0,2,4500,106
1.0,3,4000,96
1.0,0,2300,73
1.0,2,1800,67
1.0,2,2960,63
1.0,0,2050,83
1.0,0,2300,92
1.0,2,3200,102
1.0,2,4695,164
3.0,3,9500,106
1.0,1,2695,0
1.0,1,2500,56
1.0,1,2495,44
1.0,0,3200,146
1.0,0,1855,73
2.0,4,4600,90
1.0,0,1800,2
1.0,1,3100,0
1.0,0,2550,102
1.0,1,3030,211
1.0,2,3150,54
1.0,1,2750,62
1.0,2,2300,91
1.0,0,1900,83
2.5,3,19000,104
1.0,3,2895,111
1.0,0,2660,103
2.0,2,4120,50
1.0,3,3700,46
1.0,2,4295,0
1.0,0,1895,0
3.0,3,7800,53
1.0,1,3599,90
1.0,0,1050,22
1.0,4,7700,51
1.0,2,2650,113
2.0,2,4595,101
1.0,2,4095,0
1.0,3,1950,105
1.0,1,3000,81
2.0,3,8000,73
1.0,1,3695,112
1.0,1,3050,42
1.5,3,5395,110
1.0,2,2450,79
1.0,2,-2950,25
1.0,1,3800,105
1.0,1,4050,163
2.0,2,5047,15
1.0,1,3070,89
1.0,2,3164,114
2.0,3,3200,90
1.0,0,2500,47
1.0,1,3825,12
1.0,2,1850,30
1.0,1,2450,124
2.0,3,2200,39
2.0,3,4300,127
1.0,2,2388,139
1.0,1,2150,36
1.0,3,3700,131
1.0,2,4395,143
1.0,0,1900,44
1.0,3,4995,166
2.0,3,5090,22
1.0,1,3400,30
1.0,2,3350,133
1.0,3,3295,71
1.0,1,4395,19
1.0,0,2525,0
1.0,2,4600,152
1.0,0,2460,78
1.0,1,2850,25
1.0,2,2595,29
1.0,2,2750,48
1.0,0,2175,84
1.0,2,2500,36
1.0,1,5550,79
2.0,2,5200,122
1.0,2,2800,46
1.0,1,4600,99
1.0,1,3865,94
1.0,1,1495,0
2.0,3,4795,258
1.0,1,3254,73
1.0,0,3375,49
1.0,1,3500,34
1.0,1,1695,95
1.0,0,2584,192
1.0,1,1400,25
1.0,1,-3250,63
2.0,2,8895,0
2.0,4,4250,103
1.0,1,1700,17
1.0,0,1375,70
1.0,2,-4195,89
1.0,1,1645,128
1.0,1,2760,55
1.0,2,2625,67
1.0,2,2500,51
1.0,2,3200,116
1.0,0,2884,34
1.0,1,3700,138
3.0,3,10000,138
1.0,2,2450,70
1.0,1,1375,44
1.0,1,2800,106
1.0,2,3591,76
2.5,3,3750,58
3.0,3,11250,200
1.0,0,1350,0
1.0,1,3995,37
1.0,1,2995,115
2.0,2,7000,176
1.0,2,3100,161
1.0,2,3400,69
3.0,4,4695,91
1.0,1,3180,121
1.0,0,1400,113
1.0,3,3800,147
1.0,1,1925,46
1.0,0,2195,84
1.0,1,3200,122
1.0,0,2250,58
1.0,2,2889,36
1.0,0,2850,0
1.0,2,2000,114
1.0,2,3195,93
1.0,1,3100,141
1.0,0,3200,110
1.0,2,3600,110
3.5,4,8000,143
1.0,0,1325,23
1.0,1,2995,30
1.0,0,2250,57
1.0,3,2775,37
1.0,2,3350,101
1.0,1,1395,186
1.0,0,2200,8
2.0,4,3595,83
2.0,2,6005,0
2.0,4,5630,128
2.0,3,10750,0
1.0,2,4650,91
2.0,4,7850,121
1.0,0,2400,65
2.0,2,4495,129
1.0,1,3650,50
1.0,2,2600,58
1.0,2,3200,133
1.0,0,3000,0
1.0,0,1900,54
1.0,1,3500,35
1.0,2,3450,68
2.0,2,4500,68
1.0,0,2750,44
2.0,2,3200,81
1.0,2,-3995,97
1.0,1,1850,93
1.0,1,3075,6
1.0,2,2600,21
1.0,1,1650,77
1.0,0,2500,131
2.0,4,3495,41
1.0,3,4400,86
1.0,1,3495,76
1.0,1,2950,86
1.0,1,1950,27
1.0,2,2750,20
1.0,2,3450,170
1.0,2,6000,111
1.0,1,2250,76
1.0,0,2800,96
1.0,1,2975,0
1.0,3,5175,71
1.0,1,1925,99
1.0,2,3000,169
1.0,1,4095,109
1.0,2,2475,17
1.0,0,2825,124
1.0,2,3995,63
1.0,4,6995,197
2.0,2,7800,124
1.0,3,4125,139
1.0,1,3115,212
1.0,2,2700,66
1.0,2,3250,71
1.0,1,-3988,268
3.0,3,7950,101
1.0,1,2575,91
2.0,3,2995,148
1.0,0,2500,0
1.0,0,1695,91
1.0,1,4700,89
1.0,1,3985,0
1.0,2,3700,42
3.0,3,1347,77
2.0,4,5000,97
1.0,1,2100,59
1.0,1,3500,111
1.0,2,2376,127
1.0,0,3095,45
1.0,3,5950,80
1.0,2,1550,73
1.0,1,2100,48
0.0,0,4000,0
1.0,1,4195,0
2.0,4,4995,95
1.0,3,4100,96
1.0,2,6000,30
1.0,1,3400,79
1.0,1,2275,80
2.0,3,2000,34
1.0,0,2450,112
1.0,1,2550,90
1.0,2,3715,196
1.0,2,3898,22
1.0,1,3495,113
2.0,4,6100,44
1.0,0,1850,75
1.0,0,2400,57
1.0,2,3485,65
1.0,1,3300,152
1.0,3,3600,0
2.0,2,5495,104
1.0,0,2575,110
1.0,2,3275,154
1.0,2,3375,92
1.0,0,2600,106
2.0,4,3700,140
1.0,1,5000,133
1.0,0,1650,142
1.5,2,-3700,96
1.0,0,2395,102
1.0,1,5005,139
1.0,0,2700,0
1.0,1,2325,147
1.0,3,2970,236
1.0,1,3295,66
1.0,2,3295,195
1.0,1,1500,90
2.0,4,4000,83
1.0,1,2725,88
1.0,1,3650,163
2.0,3,4700,43
1.0,0,2400,100
1.0,0,2700,134
1.0,1,3525,31
1.0,0,2100,76
1.0,1,4010,64
1.0,2,3625,120
1.0,0,2950,51
1.0,3,2895,44
1.0,0,2225,87
2.0,3,3990,166
1.0,0,2990,51
1.0,1,2403,59
2.0,3,5000,99
1.5,2,4795,82
1.0,1,1900,56
2.0,2,10000,186
2.0,2,6600,66
1.0,0,2700,167
1.0,2,1895,57
1.0,2,4150,0
1.0,1,2978,0
1.0,1,2750,101
1.0,2,3650,216
1.0,3,4000,43
1.0,0,2790,113
2.0,2,5000,128
1.0,1,2575,103
1.0,1,2295,68
1.0,0,2299,43
1.0,2,2800,71
2.0,4,4182,108
1.0,0,1500,97
1.0,1,1900,62
1.0,3,4000,40
2.0,2,4500,91
1.0,1,3300,144
2.0,3,5000,77
1.0,1,3800,60
3.0,3,12640,96
1.0,2,3200,0
1.0,0,2100,24
1.0,0,1900,103
1.0,0,1895,44
1.0,1,2500,118
1.0,2,3200,149
1.0,2,3600,67
1.0,0,3020,174
1.0,0,1900,24
1.0,0,1750,193
1.5,2,4395,0
2.0,2,10000,69
1.0,0,2450,0
1.0,1,2725,96
1.0,2,2900,138
1.0,0,-3222,176
1.0,1,4195,89
1.0,0,2525,49
1.0,2,3600,74
1.0,1,2375,99
1.0,2,3450,49
1.0,0,2850,18
1.0,2,2900,103
1.0,1,3400,83
2.0,2,6195,60
1.0,0,2200,125
1.0,1,1800,106
1.0,1,4000,76
1.0,2,3795,170
2.0,2,5550,273
1.0,2,3750,26
2.0,2,8000,126
1.0,2,1895,46
1.0,2,1900,97
1.0,1,3705,248
1.0,0,2580,72
2.0,3,3200,89
1.0,1,2350,93
2.0,2,4995,91
1.0,2,2975,67
1.0,0,2600,0
1.0,3,2700,31
2.0,4,5500,101
1.0,1,4495,0
1.0,0,2300,2
1.0,1,2550,28
1.0,1,2748,87
1.0,2,3795,60
2.0,3,5400,72
1.0,1,3995,120
3.0,3,-10000,123
1.0,0,2495,70
1.0,2,3100,90
1.0,2,2475,51
3.5,3,15000,125
1.0,2,2750,71
1.0,1,3295,48
1.0,1,2550,43
2.0,2,9500,171
1.0,0,2390,43
1.0,1,3450,0
1.0,2,3000,95
1.0,3,3640,148
2.0,4,5400,91
1.5,3,4450,175
1.0,1,2150,165
1.0,2,3995,76
1.0,2,2595,46
1.0,2,3950,144
1.0,0,111111,89
1.0,2,2750,78
2.0,2,6600,24
2.0,2,5495,120
1.0,3,3795,201
1.0,1,2690,108
1.0,1,2200,41
2.0,2,6295,26
2.0,3,4950,133
1.0,1,2300,60
1.0,1,3295,78
1.0,1,2395,50
1.0,1,2650,101
1.0,1,3395,68
2.0,3,-3900,53
1.0,1,3350,147
1.0,1,3050,129
1.0,0,2700,133
1.0,1,2584,80
1.0,0,2650,76
1.0,0,8000,77
2.5,3,6500,138
2.0,4,4900,96
1.0,1,2750,60
1.0,1,2943,0
1.0,1,2350,116
1.0,1,2275,21
1.0,2,3050,164
1.0,2,3000,160
1.0,0,2895,74
1.5,2,3300,21
1.0,1,3650,97
1.0,1,3195,80
1.0,0,2750,88
1.0,0,1950,40
1.0,0,2500,0
1.0,0,1600,55
1.0,1,3600,130
1.0,3,2200,49
1.0,1,5410,135
1.0,1,3000,124
1.0,0,2095,37
1.0,2,3900,198
1.0,1,1625,37
1.0,1,2975,30
1.0,2,2650,89
2.0,3,4000,143
1.0,1,3499,103
1.0,1,2495,126
1.0,1,1995,54
1.0,0,3671,0
2.0,2,-4200,178
2.0,3,6295,106
2.0,2,3650,29
1.0,2,4225,86
1.0,0,2400,126
1.0,1,2695,16
2.0,2,3900,55
1.0,0,1975,24
1.0,0,2149,84
1.0,1,3950,16
1.5,2,3000,87
1.0,1,-3650,108
1.0,3,4475,0
1.0,2,5495,155
1.0,2,3050,72
1.0,3,5400,88
1.0,0,1850,43
1.0,2,2525,9
1.0,0,2550,105
0.0,0,6795,113
1.0,0,2300,84
0.0,0,2495,203
1.0,0,2500,132
1.0,0,2295,61
1.0,3,3167,195
2.0,2,8500,3
1.0,1,2100,36
2.0,3,5000,103
1.0,2,3200,48
1.0,2,3250,61
1.0,1,2500,223
1.0,1,4082,108
1.0,1,3895,41
2.0,2,3250,229
1.0,2,4650,103
1.0,2,3200,123
1.0,1,3200,125
2.0,4,5600,148
1.0,3,3500,68
2.0,3,4800,76
1.0,1,2850,36
1.0,0,2500,45
2.0,3,4600,138
2.0,3,12750,105
1.0,2,3395,83
2.0,2,6000,266
1.0,2,2995,75
1.0,1,3400,195
1.0,0,1500,68
1.0,2,3495,105
1.0,0,1750,52
1.0,1,2995,117
1.0,2,3775,138
1.0,0,2575,0
1.0,1,2775,39
2.0,3,5450,73
1.0,1,4295,102
1.0,2,3923,144
1.0,1,1700,59
1.0,1,2225,0
1.0,3,3850,110
1.0,1,3800,80
1.0,2,3475,86
1.0,1,2800,108
1.0,2,4695,228
1.0,1,2195,63
2.0,3,6600,20
1.0,2,1950,106
1.0,1,1995,119
2.0,5,5500,45
2.0,2,6000,67
2.0,2,5837,172
2.5,4,6500,92
2.0,5,10000,0
2.0,2,6455,170
4.5,4,16800,91
1.0,2,3126,91
1.0,1,3875,20
1.0,2,3200,60
1.0,2,3795,89
1.5,1,4000,84
1.0,1,3550,116
1.0,0,3500,0
1.0,2,4500,78
2.0,6,7500,69
2.0,4,10725,2
1.0,2,3395,95
1.0,0,2325,77
2.0,3,4800,190
1.0,2,3700,81
1.0,1,2395,27
1.0,4,3099,66
2.0,2,4400,129
1.0,1,3795,0
1.0,0,2495,112
2.0,3,6000,52
1.0,2,3400,90
2.0,4,5950,164
1.0,1,2500,50
1.0,1,3050,70
1.0,1,3095,80
1.0,0,1895,51
1.0,2,3300,109
1.0,1,3800,21
1.0,0,1400,0
1.0,0,2395,90
1.0,0,1900,42
1.0,1,2350,31
1.0,2,2795,91
1.0,1,2995,45
1.0,3,3700,94
1.0,1,3950,64
1.0,0,2100,91
1.5,3,3990,98
1.0,2,1700,112
1.0,0,2395,92
1.0,1,2595,41
1.0,1,2195,36
1.0,1,1475,103
1.0,1,2250,0
4.5,4,18457,139
1.0,2,2499,79
1.0,0,2095,24
2.0,2,4995,91
1.0,0,2895,2
2.0,3,4700,126
1.5,2,2800,99
1.0,3,2954,73
1.0,2,2050,48
1.0,2,3399,65
1.0,0,2500,35
1.0,2,3450,162
1.0,0,3500,158
2.0,2,4575,230
1.0,2,3391,93
1.0,0,1350,52
1.0,1,3550,98
1.0,1,3000,153
1.0,0,4800,9
1.0,0,2650,98
2.0,4,4995,60
1.0,2,4360,69
2.0,2,5800,116
1.0,2,2400,4
2.0,2,3890,241
4.0,4,6995,0
1.0,2,3100,196
1.0,1,2699,88
1.0,2,3100,0
2.0,3,3495,0
1.0,2,4360,97
1.0,2,3400,96
1.0,0,1950,57
1.0,1,2495,221
1.0,1,2400,83
1.0,1,2450,0
1.0,0,3778,137
1.0,2,1600,38
1.0,2,3000,125
1.0,1,3750,112
1.0,1,1550,13
1.0,1,2850,84
1.0,1,4475,40
1.0,3,4200,142
1.0,1,4195,116
1.0,1,3300,89
1.0,2,2399,29
1.0,2,4100,134
1.0,0,2870,20
1.0,1,1750,53
1.0,2,3400,147
1.0,1,1800,120
1.0,1,3461,22
1.0,3,5995,57
1.0,1,2450,212
2.0,2,5695,59
1.0,2,2800,52
2.0,2,5200,52
1.0,2,6195,0
1.0,1,3650,96
1.0,1,2050,31
1.0,1,2950,68
1.0,2,2090,263
1.0,1,3565,0
1.0,1,3490,102
1.0,2,2900,49
1.0,0,2600,131
1.0,0,1250,69
2.0,2,5600,35
1.0,1,4200,99
1.0,0,1750,92
2.0,4,5500,88
2.0,2,5650,65
1.0,1,3900,117
1.0,1,3745,151
1.0,0,1850,71
2.0,2,8000,120
2.0,3,6400,110
1.5,3,4500,165
2.0,2,13995,137
1.0,0,2000,36
1.0,2,3450,83
2.0,2,3400,201
2.0,3,3050,108
1.0,1,2400,52
1.0,1,3250,106
1.0,0,2600,101
1.0,0,2775,113
1.0,0,2400,81
1.0,1,3800,84
1.0,1,3200,82
1.0,2,2400,154
1.0,1,2900,30
1.0,2,2625,72
1.0,3,3550,47
1.0,0,3477,108
1.0,1,3595,0
1.0,2,3450,89
2.0,2,5000,172
1.0,1,2695,2
1.0,0,2900,229
1.0,1,3520,72
1.0,1,2700,112
1.0,0,1650,40
1.0,1,-3830,186
1.0,1,3346,85
1.0,2,2500,66
1.0,0,2680,49
1.0,1,3650,63
1.0,2,4700,105
1.0,2,4200,56
1.0,3,3600,52
1.0,1,2543,33
1.0,2,2950,94
2.0,3,5000,158
1.0,2,-3100,47
1.0,3,3600,116
1.0,1,2690,109
1.0,1,-2720,156
1.0,1,2950,13
1.0,1,2695,105
1.0,1,2750,2
1.0,1,3200,0
2.0,2,6545,0
1.0,0,2650,108
1.0,1,1930,33
1.0,0,3580,72
1.0,0,1925,75
1.0,0,2100,53
1.0,0,3593,44
1.0,3,5095,91
1.0,0,2450,52
1.0,1,2950,169
2.0,3,5000,153
1.0,1,3000,97
3.0,3,11995,341
1.0,3,3000,61
2.0,2,3050,117
1.0,1,3050,0
1.0,2,2195,88
1.0,2,2800,0
1.0,0,2650,97
1.0,3,4000,121
1.0,2,5000,37
1.0,2,1900,53
1.0,2,3200,99
2.0,3,3750,139
1.0,1,1400,0
1.0,1,3090,67
1.0,1,2325,93
1.0,1,3495,136
1.0,0,1895,131
1.0,1,4300,104
1.0,1,3149,83
1.0,0,1600,102
2.0,2,5070,66
2.0,2,3900,2
1.0,0,1750,84
1.0,3,4400,63
1.0,2,3350,108
1.0,1,2850,43
1.0,1,4900,91
1.0,0,2525,29
1.0,1,2600,65
1.0,2,3695,88
1.0,1,4645,0
1.0,3,3500,201
2.0,3,5100,0
1.0,2,1950,87
2.0,1,6275,113
1.0,1,2695,135
2.0,3,4370,105
1.0,1,2695,92
1.0,3,5219,166
1.0,1,2850,128
1.0,2,2395,70
2.0,4,6650,107
1.0,1,3095,56
1.0,2,2350,52
0.0,2,5517,126
0.0,0,2450,105
2.0,4,4095,54
1.5,2,2700,78
2.0,3,3700,114
1.0,0,1775,87
1.0,1,2350,0
1.0,0,2979,162
2.0,4,6200,146
1.0,1,3495,195
3.5,3,30000,175
1.0,3,4750,72
1.0,0,1775,65
1.0,2,3500,73
1.0,0,2450,71
1.0,2,2595,57
1.0,2,4200,88
1.0,2,1800,75
1.5,3,2895,89
1.0,3,4750,125
1.0,1,2695,53
1.0,2,3295,51
1.0,1,3650,93
1.0,1,3300,100
1.0,1,2600,109
1.0,0,1984,132
1.0,2,2700,82
1.0,0,3250,71
1.0,0,2200,108
1.0,3,2900,71
1.0,2,3550,78
1.0,1,3095,72
1.0,1,5895,101
1.5,2,3000,70
1.0,3,4995,140
1.0,3,3900,189
1.0,2,3295,59
1.0,1,3800,117
1.0,3,6645,338
1.0,0,2100,52
2.0,2,4495,145
1.0,2,4695,95
1.0,1,3625,0
2.0,2,5200,64
1.0,3,3850,92
1.0,1,2795,20
2.0,2,5000,88
1.0,0,2000,74
1.0,0,1275,0
1.0,3,2950,201
1.0,1,2701,93
2.0,3,4800,76
1.0,3,3150,125
1.0,2,2875,0
2.0,2,4300,149
2.0,2,4395,91
2.0,4,5800,45
1.0,2,2550,162
1.0,1,3050,121
1.0,2,3200,134
1.0,0,3040,0
2.0,3,3250,35
1.0,3,4999,183
1.0,1,3095,28
1.0,0,2250,64
1.0,0,2195,135
1.0,0,3050,98
1.0,2,3800,60
1.0,0,-1850,2
1.0,1,3637,282
1.5,1,5185,105
1.0,1,4422,96
1.0,0,2300,125
1.0,2,2800,84
1.0,2,3391,125
1.0,0,3156,80
1.0,1,4045,63
1.0,2,3600,0
1.0,0,2550,80
1.0,2,3200,164
1.0,1,4950,0
1.0,1,4000,135
1.0,2,3875,60
1.0,1,2690,79
1.0,0,2825,2
1.0,2,2750,54
1.0,1,3000,106
1.0,0,2795,71
1.0,2,3245,130
1.0,3,4125,89
1.0,2,3995,40
1.0,1,3800,0
1.0,1,2200,64
1.0,2,3000,115
1.0,1,2100,66
1.0,1,1995,8
2.0,2,3644,295
1.0,3,4500,86
2.0,1,3300,147
1.0,2,2650,98
1.0,1,2200,87
2.0,5,7984,15
1.0,0,3625,155
4.0,4,31500,210
1.0,2,2600,14
1.0,1,3650,104
1.0,2,3350,174
1.0,1,1600,51
1.0,3,3300,104
1.0,3,4595,152
2.0,3,4899,106
1.0,2,2295,89
1.0,1,2895,27
1.0,1,3105,108
1.0,3,6295,61
1.0,1,2150,55
1.0,2,3450,103
2.0,3,5202,64
1.0,0,2125,68
1.0,2,3395,101
1.0,2,1650,48
1.0,1,1850,103
1.0,1,4049,0
1.0,1,3550,50
2.0,2,4403,80
1.0,1,2650,117
1.0,0,2395,32
1.0,2,3650,73
1.0,2,2750,134
1.0,1,2450,93
1.0,1,3100,186
1.0,1,2800,40
1.0,2,1899,74
1.0,1,3375,71
1.0,0,2525,15
1.0,2,3400,80
1.0,1,2950,101
1.0,1,5900,166
1.0,2,3000,73
1.0,1,2650,87
2.0,2,14250,0
0.0,2,3300,0
1.0,0,2000,64
1.0,2,1650,91
2.0,2,13500,0
2.0,3,5200,100
1.0,1,2800,76
1.0,1,2789,39
1.0,0,2650,25
1.0,2,2350,73
1.0,1,4000,29
1.0,3,2350,56
1.0,1,1345,48
1.0,1,1650,62
1.0,2,3895,240
2.0,3,5000,175
1.0,2,4395,43
1.0,1,2150,47
1.0,2,3799,0
1.0,2,2000,22
3.0,3,13745,240
1.0,2,3300,125
1.0,2,3395,76
1.0,0,2995,43
1.0,2,2300,87
1.0,2,2850,79
1.0,2,3250,48
3.0,3,14000,68
1.0,1,1550,51
1.0,0,3275,56
1.0,1,1625,47
1.0,2,3200,86
1.0,0,2400,203
2.0,3,4700,38
2.0,3,4500,70
1.0,0,-2875,200
1.0,0,2700,81
1.0,1,2875,82
1.0,1,3195,69
1.0,1,2930,71
1.0,1,2149,52
2.0,5,7000,54
1.0,1,2650,73
1.0,2,2500,93
1.0,2,3350,96
1.0,2,3300,68
1.0,1,3320,85
1.0,1,2195,64
1.0,2,2850,71
1.0,1,3250,49
1.0,0,2150,104
1.0,0,2950,211
1.0,0,2295,8
1.0,1,2750,96
2.0,2,7292,114
1.0,1,2495,183
1.0,2,2450,121
1.0,1,3300,49
1.0,0,2850,0
1.0,0,2825,54
2.0,2,6450,109
1.0,0,1950,94
1.0,1,3450,151
1.0,1,-1800,36
2.0,2,5995,207
1.0,3,4308,67
1.0,1,2695,67
1.0,3,3750,71
3.0,3,5350,241
1.0,0,2400,132
1.0,2,3395,43
2.0,2,4500,120
1.0,3,5150,10
1.0,1,2900,105
1.0,0,2940,0
1.0,1,3000,138
2.0,2,4922,56
1.0,2,2895,49
1.0,2,2350,15
1.0,0,3250,20
1.0,2,3200,168
2.0,2,4109,158
2.0,2,5195,52
1.0,1,3200,119
1.0,2,3250,177
1.0,2,2199,48
1.0,2,2195,158
1.0,2,3100,92
1.0,2,3100,144
1.0,1,2600,89
1.0,3,3750,0
1.0,0,1600,87
2.0,3,4295,108
0.0,0,2700,65
1.5,2,2475,18
1.0,3,3150,79
2.0,3,5500,101
1.0,1,3900,90
1.0,1,2100,82
1.0,2,3100,109
1.0,1,2695,0
1.0,2,2900,130
1.0,1,3150,59
1.0,0,2000,139
1.0,2,2696,138
1.0,0,2000,71
1.0,1,4050,58
1.0,1,2675,82
1.0,1,2395,147
1.0,0,2550,216
1.0,2,1860,128
2.0,3,3495,57
3.0,3,2700,41
1.0,3,5995,112
1.5,1,-5500,156
1.0,2,2950,43
1.0,1,2800,0
1.0,2,2595,169
1.0,1,3195,66
1.0,2,4999,95
1.0,2,3200,61
1.0,1,2500,54
1.0,2,3800,18
1.0,0,1400,57
2.0,2,5800,0
1.0,1,3600,46
2.0,2,5000,60
1.0,2,2295,21
1.0,3,2850,167
1.0,2,2450,50
1.0,1,3635,62
1.0,1,3870,0
1.0,2,4199,102
1.0,0,3095,61
1.0,1,3495,47
2.0,3,2300,41
1.0,1,2325,147
1.0,1,2450,60
2.0,3,5090,204
1.0,2,3350,140
1.0,1,3250,76
1.0,1,4310,91
1.0,2,2900,43
1.0,0,2390,70
1.0,1,2875,80
1.0,1,1300,35
2.0,4,6500,115
1.0,0,2259,57
1.0,2,4495,36
1.0,1,2350,37
1.0,0,2900,80
1.0,3,1750,23
1.0,0,2585,15
1.0,0,2350,43
2.5,2,5595,157
1.0,1,2950,0
1.0,0,2350,79
2.0,4,5800,55
1.0,3,6500,108
2.0,4,7000,94
1.0,1,3350,91
2.0,2,7800,107
1.0,1,3770,155
1.0,0,2750,37
1.0,1,2095,4
1.5,3,4500,115
1.0,2,2995,38
2.0,2,4395,156
1.0,1,3505,223
1.0,2,3395,8
1.0,2,3550,100
2.0,2,5400,116
1.0,2,3100,45
1.0,0,2450,109
3.0,3,10000,146
1.0,2,3400,84
1.0,2,2795,107
1.0,0,2375,207
1.0,1,3570,0
1.0,2,2650,50
1.0,1,4062,132
1.0,1,4690,0
1.0,1,3595,212
1.0,0,2500,130
1.0,1,4300,116
1.0,1,3495,0
1.0,1,3500,158
1.0,0,1700,64
1.0,1,2495,83
1.0,1,2075,166
1.0,2,3600,147
1.0,0,2450,87
1.0,0,2700,43
1.0,1,3495,87
1.0,0,2700,25
1.0,1,4550,0
1.0,0,-3300,121
1.0,3,4295,86
2.0,3,5850,138
1.0,1,3700,173
1.0,1,3700,40
1.0,2,2475,118
1.0,1,3925,0
1.0,0,2420,45
1.0,2,2975,30
1.0,0,2400,43
1.0,2,-4695,29
1.0,1,4340,138
1.0,0,3425,15
1.0,1,4520,96
2.0,2,6550,158
1.0,2,2720,47
1.0,2,3100,81
1.0,2,3400,123
1.0,0,2403,97
3.0,3,4595,105
1.0,2,3800,118
2.0,3,7675,89
1.0,1,2595,2
2.0,4,7899,80
1.0,1,-4250,53
1.0,2,3795,80
1.0,2,4108,238
1.0,2,2500,34
1.0,1,3130,0
2.5,2,8295,217
1.0,2,2900,31
1.0,2,3500,0
1.0,1,2300,56
2.0,2,5107,120
1.0,3,4200,0
1.0,2,3295,66
2.5,3,15500,113
1.0,3,4390,131
2.0,2,4892,116
1.0,1,2325,93
1.0,3,2895,83
1.0,0,2390,49
1.0,2,2100,51
1.0,0,2584,199
1.0,1,1825,70
1.0,2,3450,197
1.0,2,2200,48
1.0,0,3300,159
1.0,0,2200,45
1.0,1,3600,52
1.0,2,3200,105
1.0,2,3450,81
2.0,3,6800,170
1.0,1,2995,36
0.0,3,-9000,87
1.0,2,1950,130
1.0,0,1495,66
1.0,2,6000,111
1.0,1,2850,27
1.0,1,4295,30
1.0,1,4095,117
1.0,1,2600,36
1.0,1,4425,134
1.0,1,2595,0
1.0,1,4750,76
1.0,0,2300,123
1.0,2,5400,128
2.0,2,5900,96
1.0,3,5295,35
2.0,4,5750,59
1.0,1,2745,41
3.0,3,8495,0
1.0,2,2150,49
2.0,3,5300,159
1.0,1,4153,90
2.0,3,5350,204
2.0,2,5630,15
1.0,1,4000,95
1.0,0,1800,30
1.0,2,4385,88
1.0,1,1795,94
1.0,0,1895,9
1.0,2,3400,111
1.0,0,2500,27
1.0,1,2900,117
1.0,2,2850,65
1.0,3,4250,101
1.0,2,5500,157
1.0,1,2500,62
1.0,2,2695,149
1.0,2,5193,55
2.0,3,5600,55
1.0,2,4300,120
2.5,3,8000,75
1.0,0,2290,87
1.0,1,2475,107
1.0,2,5200,24
1.0,1,-2400,28
2.0,3,-950,260
1.0,3,3450,73
1.0,0,2375,119
2.0,3,3200,89
1.0,1,3245,48
1.0,4,2975,173
1.0,1,-1595,156
1.0,0,2695,38
1.0,2,2700,192
1.0,1,2750,64
1.0,1,2100,0
1.0,1,-2500,50
1.0,0,2200,103
2.0,2,2300,146
1.0,1,6700,130
1.0,1,2175,0
1.0,1,2200,33
1.0,1,2495,111
2.0,3,4495,179
0.0,0,2100,35
1.0,2,3185,143
1.0,2,3995,87
2.0,2,4370,111
1.0,1,5200,85
1.0,3,4600,0
1.0,2,2430,36
1.0,2,2800,91
1.0,1,1795,90
1.0,1,3070,24
1.0,3,2750,0
1.0,1,3400,28
1.0,2,2856,245
2.0,3,2500,20
1.0,2,3420,89
1.5,2,5430,46
1.0,0,2765,147
2.0,3,4800,157
1.0,0,2995,54
1.0,1,3295,31
1.0,2,1800,18
1.0,1,2900,117
1.0,4,-8000,51
1.0,0,2500,140
1.0,2,4414,86
1.0,0,2400,51
1.0,0,1990,103
1.0,0,1775,21
1.0,1,3500,17
1.0,1,2995,29
1.0,1,1395,186
1.0,1,1450,93
1.0,2,3295,105
1.0,1,2300,48
1.5,4,6650,2
1.0,1,2495,67
2.0,4,6195,231
1.0,2,4395,150
1.0,0,2550,39
1.0,0,2150,91
1.0,3,5334,0
1.0,1,3190,31
1.0,2,3700,71
1.0,1,2325,147
2.0,3,6375,52
1.0,0,2525,67
2.0,3,5550,0
1.0,2,3500,68
1.0,2,3200,17
1.0,0,2500,91
1.0,0,1893,29
1.0,2,4195,80
2.0,3,4995,86
1.0,1,1965,41
2.0,2,7250,157
1.0,2,3000,11
1.0,1,2295,0
1.0,1,2795,47
1.0,1,3500,105
1.0,1,3795,62
1.0,2,3000,66
1.0,1,3987,139
1.0,2,3200,71
2.0,2,5993,88
1.0,3,6500,64
1.0,1,2900,114
1.0,0,2962,57
1.0,0,2200,89
1.0,1,3195,88
1.0,0,2200,74
1.0,0,3870,101
1.0,2,7000,81
1.0,0,1975,32
2.0,3,4600,147
1.0,1,2600,67
1.0,1,3800,34
1.0,0,2495,138
1.0,2,3510,96
1.0,1,4850,53
1.0,2,3740,121
1.0,1,3500,21
1.0,2,3450,177
1.0,3,5500,37
1.0,1,1950,361
1.0,3,3200,63
1.0,2,3950,82
1.0,3,4000,48
1.0,3,3400,279
1.0,1,3322,15
1.0,2,2400,114
1.0,1,3195,127
1.0,2,2800,81
1.0,2,3100,89
2.0,3,5150,112
1.0,2,3250,116
1.0,0,2400,64
1.0,0,2795,113
2.0,2,5500,75
1.0,2,2950,143
1.0,1,3095,35
1.0,1,2900,61
1.0,2,2475,37
1.0,0,2400,86
1.0,3,-3941,19
1.0,2,3450,56
1.0,1,2500,194
1.0,0,3450,107
1.0,1,2600,30
1.0,1,2575,126
2.0,4,6200,112
1.0,0,2295,63
1.0,0,2400,115
1.0,1,1275,16
1.0,2,2200,29
1.0,1,3425,71
1.0,1,2790,174
1.0,0,1400,86
1.0,2,2300,62
2.5,2,9000,68
2.0,2,6785,72
1.0,1,3950,48
1.0,1,2125,56
1.0,0,3350,50
2.0,1,3575,111
2.0,2,7550,38
2.0,2,3100,52
1.0,0,2900,45
1.0,1,4200,96
1.0,3,2750,55
1.0,0,1875,69
4.0,5,8500,127
1.0,1,2200,47
1.0,3,3625,81
1.0,0,2450,19
1.0,2,3200,88
1.0,0,3491,71
2.0,2,5125,59
1.0,1,3825,31
1.0,1,1649,23
1.0,0,1795,89
1.0,0,2450,152
2.0,2,5000,82
1.0,2,3190,95
1.0,0,3375,73
1.0,2,2795,161
2.0,4,6800,31
1.0,2,3300,139
1.0,3,4100,78
1.0,1,3195,107
1.0,2,6500,50
1.0,1,2200,108
1.0,2,1999,150
1.0,3,-4950,116
1.0,2,3650,47
1.0,0,3725,45
1.0,2,4300,66
1.0,2,2400,69
1.0,1,1525,119
2.0,2,4200,224
1.0,2,5400,86
1.0,3,4495,79
1.0,0,2700,67
2.0,3,5100,124
1.0,0,2300,105
1.0,1,3650,108
2.0,2,4850,109
1.0,2,3299,30
1.0,1,3295,141
1.0,1,2523,130
1.0,3,3800,123
1.0,1,1350,75
1.0,2,3200,68
1.0,1,2195,96
1.0,1,2325,42
1.0,1,2495,38
1.0,2,3000,120
2.0,1,5150,219
1.0,1,2825,78
1.0,1,2850,94
2.0,3,5800,75
1.0,1,2550,158
1.0,1,3995,144
3.0,3,11900,143
1.0,0,2100,0
1.0,1,6025,54
1.0,1,2750,166
1.0,2,3200,116
1.0,0,3420,0
2.0,2,9500,139
2.5,3,6295,85
1.0,2,3687,158
1.0,0,2950,109
1.0,2,1850,98
1.0,0,2200,58
1.0,0,2300,83
1.0,2,2595,32
1.0,1,1450,93
2.0,1,4900,244
1.0,3,4750,87
1.0,0,2875,144
1.0,0,2775,36
1.0,1,2599,179
1.0,2,3095,92
1.0,1,2750,6
2.0,4,6400,91
1.0,0,1500,221
1.0,0,2400,102
1.0,3,5200,87
1.0,2,2850,83
1.5,2,4395,126
1.0,3,3436,37
2.5,3,15000,98
2.0,4,4400,57
1.0,1,3870,21
1.0,3,2500,97
1.0,0,3950,68
2.0,3,4640,142
2.0,3,5000,159
1.0,2,3625,88
1.0,1,1795,117
1.0,3,5100,73
1.0,1,2650,88
1.0,2,2600,2
1.0,2,2815,341
2.0,3,3800,111
2.0,3,4600,109
1.0,2,4700,119
1.0,1,3195,220
2.0,2,4000,97
1.0,0,-2700,261
1.0,1,3100,61
1.0,2,3595,0
1.0,1,1475,215
1.0,1,1800,29
2.0,5,9000,57
1.0,1,3500,66
1.0,2,3000,76
1.0,2,3300,184
2.0,2,4095,81
2.0,2,5995,73
1.0,0,-2450,98
1.0,2,2195,39
1.0,2,2295,98
1.0,0,3200,58
1.0,1,3300,14
1.0,1,2850,45
1.0,3,2949,136
1.0,2,3720,198
2.0,3,7200,117
1.0,1,3100,58
1.0,2,3400,109
2.0,3,-4800,79
1.0,0,2150,89
2.0,3,4800,142
1.0,2,3595,99
1.0,1,2700,111
1.0,2,3500,69
1.0,1,3295,170
1.0,2,3990,81
1.0,1,2350,47
1.0,0,2600,85
3.0,3,10000,78
1.0,0,1700,57
2.0,4,4700,146
1.0,2,3200,73
1.0,2,3150,79
2.0,4,6200,108
1.0,2,3500,83
1.0,1,3200,0
1.0,2,3150,82
1.0,1,3800,111
1.0,2,3200,59
1.0,0,2350,89
1.0,2,3508,134
1.0,1,3190,116
2.0,3,5500,74
1.0,2,7700,56
1.0,1,3400,104
3.0,3,13000,518
1.0,0,2995,192
1.0,1,3290,84
1.0,2,4260,70
1.0,1,3845,0
1.0,0,2100,105
1.0,2,3300,154
1.0,2,2650,61
1.0,2,-3000,191
1.0,2,4400,74
1.0,1,3695,75
2.0,3,6495,97
1.0,0,1795,0
1.0,1,2500,106
1.0,0,2125,166
1.0,1,4495,38
1.0,1,5095,105
0.0,0,2650,91
1.0,2,2500,36
1.0,2,2200,33
1.0,1,2490,70
1.0,2,2800,86
1.0,1,1550,35
2.0,3,5100,110
1.0,0,3895,126
2.0,3,2498,70
1.0,0,2150,91
1.0,1,2675,100
1.0,0,2725,158
2.0,3,4600,157
1.0,0,1995,32
2.0,2,7100,34
1.0,1,3250,93
1.0,1,3466,66
1.0,0,3250,259
1.0,2,4400,78
2.0,3,6250,101
1.0,2,3400,95
1.0,1,2600,57
1.0,0,3000,70
1.0,1,1575,0
1.0,2,3200,46
1.0,1,3600,69
1.0,0,2965,149
2.0,4,5995,54
1.0,0,2765,98
0.0,2,3300,0
2.5,2,10825,57
2.0,4,7400,80
1.5,3,3600,34
3.0,3,10000,165
1.0,2,1695,46
1.0,2,3250,119
1.0,1,2620,117
1.0,3,8000,150
1.0,2,3500,107
1.0,1,3375,34
1.0,1,3100,162
1.0,2,3495,44
1.0,1,2995,7
1.0,2,3164,114
1.0,2,2950,33
1.0,1,2650,91
1.0,2,3450,54
1.0,1,2950,41
1.0,2,2295,6
1.0,2,2490,61
1.0,2,3000,130
1.0,3,3600,82
1.0,1,3150,127
2.0,3,7850,103
1.0,2,3800,59
1.0,1,3800,135
1.0,0,2290,49
1.0,2,3300,137
1.0,0,2300,25
1.0,1,2150,92
1.0,2,4795,41
1.0,3,3000,99
2.0,2,6250,119
1.0,3,3600,49
1.0,1,2150,63
1.0,4,5795,93
1.0,2,4000,22
1.0,3,2650,192
1.0,2,3194,98
2.0,3,4700,111
2.0,3,4795,103
1.0,1,3795,121
1.0,0,2600,18
1.0,4,5200,44
1.0,0,2850,154
1.0,2,3295,99
1.0,2,3000,75
2.0,2,3226,303
1.0,0,-2750,0
1.0,0,2400,123
2.0,2,7700,172
1.0,1,2100,28
1.0,1,4000,208
1.0,2,3995,69
1.0,3,3900,87
1.0,1,1650,38
2.0,2,-6000,91
1.0,1,2500,103
1.0,0,2950,51
1.0,0,3730,105
1.0,3,4500,28
2.0,3,6000,73
2.0,4,5600,91
1.0,1,4020,0
1.0,1,2995,72
1.0,2,2900,43
1.0,2,3675,156
1.0,2,3200,105
1.0,3,8995,150
1.0,1,3800,187
1.5,3,3000,83
1.0,1,2650,436
1.0,0,2775,7
1.0,0,2538,195
1.0,2,3100,6
1.0,1,1300,96
2.0,2,4300,96
1.0,0,1850,78
1.0,1,1750,73
1.0,2,3200,63
1.0,1,4999,147
1.0,1,2590,18
2.0,2,5095,20
2.0,2,5955,170
1.0,1,2900,77
1.0,2,1850,62
2.5,3,6000,93
1.0,1,2100,62
2.0,0,4892,337
2.5,2,12000,88
1.0,1,1995,35
1.0,2,3995,0
1.0,1,2450,170
1.0,0,1925,47
1.0,1,4000,70
1.0,3,3000,25
1.0,2,2850,40
1.0,1,2300,39
1.0,0,3075,0
1.0,2,1900,97
2.0,4,4750,100
2.0,4,5000,44
2.0,2,-6500,148
1.0,0,3195,144
1.0,1,4600,111
1.0,0,1595,54
1.0,2,3050,10
0.0,0,3000,0
1.0,1,3675,15
1.0,1,3620,38
1.0,3,2950,28
1.0,0,2400,132
1.0,1,4065,0
1.0,2,2995,124
1.0,1,2395,90
1.0,1,2300,113
2.0,2,2350,91
1.0,3,4285,83
1.0,0,1995,94
1.0,1,1875,48
1.0,0,2100,2
2.0,2,4200,28
1.0,1,2100,65
1.0,0,2825,37
1.0,2,2960,49
1.0,1,3000,165
2.0,2,15995,12
1.0,2,3100,68
1.0,3,5276,62
1.0,1,2275,0
1.0,2,3550,62
1.0,2,3495,110
2.5,6,7000,55
1.0,2,3200,74
4.0,5,9166,79
2.0,2,5500,99
0.0,0,2150,141
2.0,3,2950,55
1.0,2,3300,64
1.0,0,3166,0
1.0,3,3100,103
1.0,1,2500,75
1.0,0,1450,68
1.0,2,3200,78
2.0,2,8050,182
1.0,3,3775,0
1.0,0,1850,58
1.0,0,2950,100
1.0,1,1750,134
1.0,2,2495,66
1.0,0,3150,102
1.0,0,3550,89
1.5,1,4700,280
1.0,2,3650,20
1.0,1,4500,188
1.0,1,3000,113
1.0,4,4800,43
1.0,2,1925,66
2.0,2,3695,69
1.0,2,3200,118
1.0,2,3095,44
2.0,2,3675,127
1.0,0,1995,86
1.0,3,3695,83
1.0,1,3495,54
2.0,3,5300,135
1.0,2,3025,131
0.0,0,2600,0
1.0,1,2100,12
2.0,3,3900,85
1.0,2,2000,48
3.0,3,10750,97
2.0,2,5845,0
1.0,1,2750,95
1.0,2,2990,50
2.0,2,5650,15
1.0,3,3804,231
1.0,3,3600,143
1.0,1,2125,73
2.5,3,17769,86
1.0,0,2675,109
1.0,3,4000,240
1.0,2,2900,0
0.0,1,3450,119
1.0,1,2195,32
1.0,1,1900,98
1.0,1,4500,118
2.0,2,5695,0
2.0,4,6300,135
1.0,2,3900,111
2.0,3,5900,143
1.0,1,3650,118
1.0,2,2900,129
1.0,2,3400,58
1.0,3,4000,121
1.0,0,2575,211
1.0,1,3590,108
2.0,3,5000,97
1.5,3,3400,82
1.0,0,1350,25
1.0,1,2900,115
1.0,0,2600,61
2.0,4,5300,120
2.5,2,9000,50
1.0,0,2550,221
1.0,2,3775,74
1.0,2,-2500,62
1.0,1,-2300,135
1.0,2,3400,92
1.0,2,3500,64
2.0,2,4995,51
1.0,1,3250,107
2.0,3,4900,86
1.0,0,-2325,0
4.0,4,20000,95
2.0,2,4895,130
1.0,1,2750,0
1.0,0,2550,112
1.0,1,4550,63
1.0,2,3480,89
1.0,1,2495,0
1.5,3,3840,201
2.0,3,6000,78
1.0,3,3650,56
1.0,2,2500,80
1.0,1,1450,0
1.0,1,4875,91
1.0,1,1950,249
1.0,0,3000,50
1.0,1,2675,71
1.0,2,4000,102
1.0,1,6900,75
2.0,4,5785,168
1.0,0,1895,166
1.0,2,3000,103
1.0,0,2500,16
1.0,0,2450,54
2.0,2,5600,49
1.0,0,1999,47
1.0,0,2395,27
1.0,1,2300,89
1.0,3,3850,95
1.0,2,2450,48
1.0,1,3900,58
2.5,3,3960,233
1.0,2,2700,62
1.0,2,4400,117
1.0,1,2875,17
1.0,1,3900,30
1.0,1,3070,28
1.0,1,2000,20
1.0,2,3395,58
2.0,2,5790,71
2.0,2,6000,97
1.0,2,4925,24
1.0,2,3895,48
3.0,4,7000,123
1.0,1,3000,66
1.0,1,3400,127
1.0,1,2750,135
2.0,2,5100,73
1.0,1,1700,30
1.0,2,3700,16
1.0,2,2400,33
1.0,0,2575,116
1.0,1,5720,173
1.0,0,1500,119
1.0,1,3000,170
1.0,3,2325,54
1.0,3,4350,109
1.0,1,2290,120
1.0,2,1795,108
2.0,3,3200,50
3.0,1,3134,111
2.0,3,4500,88
2.0,2,5750,62
1.0,2,4125,280
1.0,1,2800,96
1.0,0,2750,18
1.0,1,2700,68
1.0,1,3500,65
1.0,1,3709,99
1.0,1,1750,72
1.0,2,3695,58
1.0,0,3500,56
1.0,0,3015,129
1.0,0,2785,0
1.0,0,2795,43
1.0,1,3250,23
3.0,3,15000,373
1.0,1,2875,13
2.0,3,4500,115
1.0,1,2590,42
1.0,0,3195,96
1.0,2,2950,22
0.0,1,3375,0
1.0,0,2500,226
1.0,0,2095,84
1.0,2,2995,32
1.0,2,3600,57
1.0,2,2895,102
1.0,1,1850,58
1.0,2,2025,81
1.0,1,2200,72
1.0,0,2500,23
1.0,3,3995,43
2.0,3,4000,21
1.0,1,3995,113
1.0,1,2325,147
1.0,3,3975,121
1.5,4,-4395,0
1.0,1,3175,61
2.0,3,10500,65
2.0,2,5400,105
1.0,2,3200,42
2.5,3,15000,219
1.0,0,1950,0
1.0,2,3500,57
1.0,3,2495,255
1.0,3,2200,60
1.0,1,2995,136
1.0,2,4200,6
1.0,2,2871,299
1.0,1,2400,0
2.0,2,7000,51
1.0,0,2595,60
1.0,2,3500,119
1.0,2,3370,83
2.0,2,4295,93
1.0,3,2199,33
1.0,1,3700,56
3.0,4,18500,92
1.0,0,2050,21
1.0,2,3100,176
1.0,1,3100,115
1.0,1,2700,106
1.0,1,2850,0
1.5,1,4240,238
2.0,1,4895,99
1.0,2,2695,71
2.0,2,5000,130
2.0,2,8257,0
1.0,2,3595,35
1.0,2,3450,34
2.0,3,5100,207
1.0,1,2150,55
2.0,3,5895,57
1.0,1,3797,128
1.0,1,3180,158
1.0,2,3450,110
1.0,0,2300,123
1.0,3,5200,46
1.0,1,2900,69
1.0,2,3640,131
2.0,3,5500,65
1.0,0,2995,107
1.0,0,2000,53
2.0,3,5700,121
1.0,3,4100,89
1.0,1,3695,104
1.0,0,2000,77
1.0,2,2695,72
1.0,0,2595,124
1.0,1,3050,90
2.0,2,5000,220
2.0,4,6000,94
1.0,1,3995,170
1.0,0,1825,52
1.0,2,2650,9
1.0,0,2100,170
1.0,1,4200,89
1.0,3,4380,126
1.0,2,3100,70
2.0,2,4680,168
1.0,1,3605,141
1.0,3,3700,69
1.0,1,2750,81
2.0,4,6495,66
1.0,1,4450,127
1.0,2,2050,54
1.0,2,3500,126
1.0,1,3275,74
2.0,3,5000,194
1.0,2,2950,119
1.0,3,3150,0
1.0,1,2025,118
1.0,1,3590,52
1.0,1,4426,127
1.0,0,2960,59
2.0,4,5100,69
1.0,2,3250,118
1.0,1,3700,57
1.0,1,2599,67
1.0,0,1995,0
1.0,2,4100,114
1.0,0,2000,102
1.0,1,2850,56
2.0,3,6300,71
0.0,0,2850,69
1.0,2,2800,72
1.0,2,2995,85
1.0,1,2000,37
2.0,2,5200,68
2.0,2,1875,167
1.0,3,2250,121
1.0,0,3700,213
1.0,2,2400,87
1.0,0,4800,172
1.0,1,4300,0
2.0,3,2300,34
1.0,2,2350,65
1.0,1,2795,86
0.0,0,1950,167
1.0,0,2430,157
1.0,1,1875,80
1.0,2,2600,176
1.0,2,-3695,257
1.0,1,3200,61
2.0,4,6795,118
1.0,1,3450,89
1.0,1,7500,110
1.0,2,1850,163
1.0,2,3400,179
1.0,2,2250,0
1.0,1,3000,137
1.0,2,2775,55
1.0,0,1580,123
1.0,2,2100,62
2.0,3,4707,282
2.0,4,5900,90
1.0,1,2895,158
1.0,2,3000,40
1.0,0,2700,83
1.0,1,1950,0
1.0,0,2400,84
2.0,3,6600,137
1.0,0,2790,0
4.5,4,14000,118
1.0,1,2700,89
2.0,2,5500,107
1.0,1,-1850,55
1.0,1,2900,59
1.0,2,5995,61
1.0,0,2441,199
1.0,3,5400,126
1.0,3,4600,49
1.0,1,3200,102
1.0,1,3950,192
1.0,2,3950,50
1.0,0,-2650,118
2.0,4,5350,64
1.0,2,3600,74
1.0,0,3000,116
1.0,2,2545,36
1.0,1,1850,50
2.0,3,4980,53
3.0,3,15000,145
2.0,2,4800,256
0.0,1,3795,80
1.0,4,8500,248
1.0,2,3199,53
1.0,1,2800,28
2.0,3,6580,79
3.0,3,11550,92
2.0,2,5000,147
1.0,0,2650,24
1.0,2,3300,125
1.0,2,3595,175
2.0,3,5500,90
1.0,2,3400,109
1.0,1,3950,137
4.0,4,6400,105
1.0,2,2300,29
1.0,1,3300,188
1.0,2,3200,91
1.0,0,2775,52
2.0,2,5100,119
1.0,1,3350,70
1.0,0,2350,58
1.0,3,4150,64
1.0,0,2850,0
1.0,0,3170,51
1.0,0,-2150,38
3.0,3,10680,174
1.0,1,5200,19
2.0,2,7200,146
1.0,2,3600,22
1.0,2,4599,113
2.0,4,4500,157
1.0,2,3100,107
1.0,1,4400,243
1.0,1,3119,20
1.0,2,2295,53
1.0,2,3100,87
1.0,2,6500,52
1.0,1,1600,144
1.0,2,3400,60
1.0,0,2200,94
1.0,1,2350,92
1.0,2,3495,102
1.0,0,-2650,139
1.0,2,3200,70
1.0,1,2950,18
1.0,2,3200,50
1.0,2,3700,58
1.0,3,4285,124
1.0,3,2750,20
1.0,1,2725,79
1.0,1,1735,92
2.0,2,5560,0
1.0,1,1525,163
1.0,0,2000,81
1.0,2,3950,100
1.0,0,1375,0
1.0,3,5395,38
2.0,3,8550,180
2.0,1,2700,96
1.0,0,2132,131
1.0,3,4195,66
1.0,3,3400,69
1.0,1,2595,98
2.0,2,6500,88
2.0,4,6400,117
1.0,2,1895,33
1.0,1,5845,0
1.0,2,2500,29
1.0,0,2395,20
1.0,3,3700,86
1.0,2,-3250,112
1.0,3,2750,63
2.0,3,4895,73
1.0,1,2325,90
1.0,0,2495,169
2.0,1,5350,40
1.0,0,-2550,71
2.0,2,5695,224
1.0,1,1925,43
1.0,0,2050,42
1.0,0,2650,0
1.0,0,2100,30
1.0,1,4495,0
1.0,2,3175,108
1.0,0,1650,95
1.0,0,2446,73
1.0,1,1950,34
1.0,1,4500,120
1.0,0,2000,64
1.0,3,4450,107
2.5,2,9000,129
1.0,2,3100,119
1.0,1,3375,117
1.0,1,2350,123
1.0,2,4395,79
1.0,1,1825,72
1.0,0,2500,15
1.0,3,5000,75
1.0,0,2000,121
1.0,0,2500,285
1.0,1,2950,72
2.0,1,4000,182
1.0,1,3695,86
1.0,1,2295,71
1.0,1,3175,72
1.0,1,1905,55
1.0,1,3350,204
1.0,0,2650,108
2.0,4,8995,63
1.0,1,3325,107
1.0,0,3000,151
1.0,1,2875,81
2.0,2,2830,53
1.0,1,2905,15
1.0,2,3450,0
1.0,2,2675,46
2.0,3,6695,191
1.0,1,3175,121
2.0,2,2200,32
2.0,4,5000,36
2.0,2,9000,97
1.0,0,2550,88
1.0,1,2950,41
1.0,1,7500,104
1.0,2,3450,110
1.0,0,-2950,84
2.0,2,4600,111
2.0,3,2200,39
1.0,2,3500,96
1.0,2,3088,123
1.0,2,5195,114
1.0,3,2950,79
1.0,1,2745,135
1.0,1,3495,15
1.0,3,4950,95
1.0,0,2950,103
1.0,1,2700,32
1.0,1,-2895,2
1.0,3,3900,46
1.0,2,3400,101
1.0,3,3995,137
2.0,2,1995,160
1.0,3,2800,30
0.0,0,2575,128
1.0,1,1800,2
1.0,1,2150,74
1.0,0,3200,89
1.5,2,4500,106
1.0,0,2550,46
1.0,0,1350,0
2.0,2,8250,92
1.0,0,2500,70
1.0,2,3195,71
1.0,0,-2095,2
2.0,4,5950,89
1.0,2,2250,48
1.0,1,-2800,92
1.0,1,3625,60
1.0,2,3200,29
1.0,0,2500,96
1.0,0,2325,110
1.0,2,2900,107
1.0,0,1430,34
1.0,2,2995,53
2.0,3,5950,92
1.5,1,4600,151
1.0,0,4250,198
1.0,1,2595,0
1.0,2,3195,89
1.0,0,2500,44
1.0,2,2900,81
1.0,2,3200,148
1.0,0,2265,24
1.0,2,3000,7
1.0,1,6875,39
1.0,0,1980,30
1.0,0,2960,59
1.0,1,2995,123
1.0,0,3095,71
2.0,3,5950,57
1.0,1,2295,36
1.0,1,7495,205
1.0,1,1800,31
1.0,0,3450,98
1.0,1,3395,95
2.0,3,6500,78
1.0,1,3039,115
1.0,2,3000,13
1.0,2,3400,136
1.0,2,1900,49
1.0,1,3960,105
1.0,3,4500,90
1.0,0,2475,188
3.0,3,18995,95
1.0,0,2595,116
1.0,2,2350,64
1.0,2,3000,86
2.0,4,6000,95
1.0,2,3010,88
1.0,0,2750,70
1.0,0,2925,22
1.0,1,2995,84
1.0,1,3500,103
2.0,2,4900,169
1.0,1,6165,114
1.0,3,2800,0
1.0,1,1700,2
1.0,0,1950,61
2.0,3,-8500,92
1.0,2,3000,83
1.0,2,3300,247
1.0,1,2695,15
1.0,2,2450,106
1.0,0,3050,142
1.0,1,2295,76
1.0,2,3200,20
1.0,1,4935,0
1.0,1,2800,65
1.0,1,2595,0
1.0,2,3300,9
1.0,0,2095,23
1.0,2,3250,63
1.0,1,1900,100
1.0,2,2450,48
1.0,0,3100,41
2.0,2,2990,40
1.0,1,2600,96
2.0,2,8750,0
1.0,0,1590,41
1.0,1,2175,80
2.0,2,2675,263
1.0,0,1500,52
1.0,1,4430,42
1.0,2,6500,52
1.0,0,3100,133
1.0,1,4000,122
2.5,2,13000,95
1.0,2,3100,105
1.0,1,2750,110
1.0,1,1427,0
1.5,1,6150,0
1.0,1,5625,95
1.0,0,2750,106
1.0,3,2250,85
1.0,1,3500,0
1.0,1,4100,111
1.0,0,2375,0
2.0,2,5700,207
1.5,2,4500,82
1.0,1,1500,84
1.0,0,2525,32
1.0,3,3300,0
2.0,4,5900,107
1.0,1,4500,104
2.0,4,7000,57
1.0,1,2500,0
1.0,2,3175,196
2.0,2,7250,319
1.0,3,4100,104
1.0,0,2785,91
1.0,0,2395,101
1.0,0,1950,16
2.0,2,6000,70
1.0,2,2400,133
2.0,2,4500,76
1.0,2,3000,133
1.0,1,2350,90
2.0,2,6500,228
1.0,0,3395,0
1.0,3,6195,66
1.0,2,3800,127
0.0,2,3250,0
1.0,1,4720,146
1.0,1,3100,69
1.0,0,2300,19
1.0,1,3625,0
1.0,0,3350,91
1.0,0,2525,39
1.0,1,3937,123
1.0,3,2945,0
1.0,1,2995,44
2.0,2,5700,130
1.0,2,3200,62
2.0,2,4295,153
1.0,3,5950,65
1.0,2,3391,252
1.0,3,4700,147
1.0,0,3165,0
1.0,2,4630,148
1.0,0,2870,196
1.0,1,1695,102
2.0,2,5600,112
2.0,3,11500,155
1.0,1,2850,77
1.0,1,3300,0
1.0,2,2650,95
1.0,0,2050,48
1.0,1,3697,0
1.0,1,6295,37
1.0,3,3495,100
1.0,0,2200,32
1.0,0,2300,35
1.0,1,1850,0
1.0,0,2525,136
2.0,4,6520,84
1.0,1,2600,52
2.0,2,8500,109
1.0,1,3450,9
1.0,0,2925,65
1.0,3,4950,116
1.0,2,3600,68
1.0,1,2525,169
1.0,0,2500,0
1.0,2,2300,203
1.0,1,2600,65
1.0,3,4300,50
1.0,2,3700,111
1.0,1,2895,74
2.0,3,3100,127
1.0,1,2000,30
2.0,5,5500,82
1.0,3,4995,0
1.0,2,3600,45
1.0,2,3200,76
1.0,3,3941,53
1.0,3,2895,0
3.0,4,8495,18
1.0,2,2900,127
2.0,2,4700,263
1.0,1,2050,40
1.0,2,2850,173
2.0,3,3750,171
1.0,4,5900,44
1.0,1,2725,141
2.0,3,5350,217
1.0,2,3000,123
1.0,1,2950,55
1.0,0,2400,84
1.0,1,3695,67
1.0,1,3550,163
1.0,2,2995,54
1.0,2,2500,0
1.0,0,1700,88
2.0,5,7000,0
1.0,1,3150,63
1.0,2,3950,65
1.0,1,3695,86
2.0,3,4500,63
1.0,2,2400,72
1.0,0,2195,48
1.0,1,3889,232
2.0,1,3650,53
2.0,2,3950,214
2.0,2,4395,54
2.0,2,5170,75
2.0,2,6639,0
1.0,1,2205,52
1.0,1,2300,30
1.0,1,2295,0
1.0,2,2750,62
1.0,0,2795,56
1.0,1,2500,107
1.0,1,3500,65
2.0,3,9200,149
1.0,2,2600,83
1.0,1,3195,53
1.0,1,4725,87
1.0,3,3500,115
1.0,1,2595,51
1.0,0,2890,119
2.0,2,7000,153
1.0,1,2795,74
1.0,0,1950,28
1.0,1,4825,173
1.0,1,3514,29
1.0,1,2395,16
1.0,3,3200,151
1.0,1,3360,0
1.5,2,6100,128
1.0,1,3650,0
1.0,3,3957,159
2.0,2,5550,128
1.0,0,1875,6
1.0,1,3695,124
1.0,1,2500,28
1.0,1,2295,59
1.0,1,3700,88
1.0,1,2595,6
1.0,3,4350,55
1.0,2,2400,84
1.0,2,2150,0
1.0,1,2599,65
1.0,2,9100,148
1.0,1,-4233,65
1.0,2,3600,0
1.0,1,2399,146
1.0,2,2000,111
1.0,1,3450,103
1.0,0,1950,96
1.0,0,1500,120
3.0,5,10000,80
1.0,1,2700,101
1.0,1,3095,106
1.0,2,2550,130
2.0,2,5125,171
1.0,1,2550,242
1.0,0,2050,107
1.0,0,2500,110
2.0,2,5100,82
1.0,2,2900,38
1.0,1,3595,91
1.0,1,2295,35
2.0,3,2100,88
1.0,3,4000,85
1.0,3,3150,253
3.0,3,13500,143
1.0,1,4675,84
1.0,1,3400,81
1.5,1,3499,49
1.0,0,1850,73
1.0,1,2900,72
1.0,1,3500,52
1.0,1,2800,93
1.0,0,1500,22
2.0,3,2650,59
1.0,0,1950,51
1.0,1,2525,109
1.0,1,3595,41
5.0,5,36000,40
1.0,1,3295,85
1.0,1,2250,36
1.5,1,5500,78
2.0,3,5095,72
1.0,2,3895,218
2.0,2,5890,104
1.0,2,3450,83
1.0,2,3000,95
1.0,1,2395,143
1.0,3,3750,43
1.0,1,2450,83
1.0,0,2500,97
1.0,1,3605,0
1.0,1,3450,52
1.0,1,3675,37
1.0,1,2395,94
1.0,0,2000,41
1.0,2,2650,50
1.0,1,3400,83
1.0,3,2500,30
1.0,2,3200,170
1.0,4,4800,67
1.0,3,2500,97
1.0,1,4075,62
1.0,1,2600,122
2.0,2,4995,58
1.0,2,3395,129
1.0,1,3925,146
1.0,2,-3055,11
2.0,4,5960,199
1.0,2,3000,104
2.0,4,5975,86
1.0,1,3200,149
1.0,1,3800,0
2.0,4,5600,0
1.0,0,1540,32
2.0,2,6000,165
1.0,0,2700,125
1.5,1,8000,93
2.0,2,5500,100
1.5,2,5990,161
1.0,1,1345,0
0.0,0,2500,82
1.0,1,2100,96
2.0,3,14000,91
1.0,2,2700,74
1.0,1,2600,122
2.0,2,5550,0
1.0,1,3200,101
1.0,0,2625,31
1.0,0,3150,0
1.0,0,1950,104
1.0,2,2700,117
1.0,0,1875,119
1.0,2,2000,78
1.0,2,2875,157
1.0,2,3150,65
1.0,0,2100,37
1.0,1,2650,101
2.0,2,12250,0
1.0,2,3000,137
1.0,0,2200,79
2.5,2,15995,93
1.0,1,3600,105
1.0,1,1500,153
1.0,1,3295,37
1.0,1,6165,0
1.0,2,3250,149
2.0,2,8795,147
1.0,0,2450,0
1.0,1,2600,80
1.0,0,3095,0
1.0,1,3300,111
1.0,1,2100,62
1.0,1,2597,150
2.0,2,5900,20
1.0,0,2050,36
2.0,4,5600,108
2.0,2,3900,373
1.0,1,-2400,89
1.0,2,3500,67
1.0,2,3700,21
1.0,3,4400,177
1.0,1,2400,111
1.0,0,3150,258
1.0,1,5730,141
1.0,1,4000,108
4.0,3,11000,221
1.0,2,3150,163
1.0,1,2400,67
1.0,1,2800,69
1.0,1,2700,78
1.0,0,1975,14
2.0,3,4000,91
1.0,1,2700,68
1.0,1,2600,43
2.0,3,4800,67
1.0,0,3200,0
1.0,1,5595,151
2.0,2,7799,151
1.0,0,-1795,53
1.0,1,3475,46
1.0,3,3800,154
1.0,1,3395,0
1.0,2,2200,52
2.0,2,5400,59
1.0,0,1550,44
2.0,2,5570,0
1.0,1,-2150,65
1.0,2,-2200,188
1.0,1,3290,79
2.0,3,5995,79
1.0,0,2950,42
1.0,1,3300,87
1.0,1,3100,115
1.0,1,2975,13
1.0,4,3500,84
2.0,2,4200,97
1.0,2,3700,40
1.0,2,2000,29
2.0,2,7650,190
1.0,2,3300,5
1.0,3,2500,133
1.0,3,3750,97
1.0,1,4695,150
1.0,3,2000,33
1.0,0,1802,80
2.0,3,4750,120
1.0,0,2700,92
3.0,3,19950,73
1.0,2,3095,130
1.0,1,4095,130
1.0,0,2300,83
1.0,0,1995,57
1.0,3,3460,195
1.0,2,3200,28
1.0,1,3200,95
1.0,2,3450,123
1.0,2,1695,66
1.0,0,1685,23
1.0,2,2995,12
1.0,0,2195,47
1.0,2,-3950,102
1.0,1,3550,0
1.0,2,5295,137
1.0,1,1800,82
1.0,2,4700,143
1.0,1,2595,76
1.0,0,2600,0
1.0,3,3595,83
1.0,1,2900,125
1.0,1,7475,0
1.0,1,4350,90
2.0,2,5313,144
1.0,0,2300,97
1.0,2,2800,24
3.0,3,12630,127
3.0,3,9795,376
1.0,1,2300,88
2.0,3,4500,111
1.5,2,2795,113
2.0,3,5995,145
1.0,2,1900,100
1.0,2,2595,88
1.0,2,3350,74
2.0,3,5290,84
1.0,1,3300,152
1.0,1,3650,150
2.0,3,4900,101
1.0,1,-2800,126
1.0,0,1550,0
1.0,1,4200,135
1.0,0,2500,99
1.0,2,2650,143
1.0,0,1875,72
1.0,1,2600,113
3.0,3,5595,38
3.0,3,8541,98
1.0,1,2982,82
1.0,0,1950,59
1.0,2,2650,140
1.0,1,2100,0
2.0,4,5800,102
1.0,0,1875,21
1.0,2,2850,51
1.0,1,2250,39
1.0,3,5700,34
1.0,2,3000,46
1.0,0,2900,63
1.0,1,3670,112
1.5,4,4995,130
1.0,0,2200,54
1.0,1,2700,151
1.0,2,4600,25
2.5,3,10400,107
1.0,4,5925,135
1.0,0,2200,89
1.0,1,4500,95
1.0,2,3000,83
3.0,3,10000,159
1.0,1,-3625,0
1.0,1,3500,110
1.0,0,2749,59
1.0,2,2600,96
1.5,1,6395,135
1.0,2,2295,78
1.0,1,2800,17
1.0,3,4950,34
1.0,3,3750,82
1.0,2,3230,114
1.0,2,3050,164
1.0,1,2750,0
1.0,0,1800,44
1.0,1,2650,43
1.0,2,3395,138
1.0,3,4400,88
2.0,2,4000,51
1.0,1,2550,101
1.0,0,2150,0
1.0,2,2350,127
1.0,0,1750,29
1.0,1,3375,39
1.0,1,4480,125
2.0,2,4450,0
1.0,1,2495,71
1.0,2,2928,93
2.0,2,6000,55
1.0,1,4050,193
3.0,3,3425,126
1.0,2,3950,117
1.0,1,2495,132
1.0,3,4795,65
1.0,0,1850,26
2.0,2,5100,145
1.0,3,3000,86
1.0,2,2250,124
1.0,1,6558,476
1.0,0,1750,29
1.0,2,3450,72
1.0,0,2550,48
1.0,0,2650,33
1.0,1,3820,0
1.0,2,3050,46
1.0,3,2300,90
1.0,1,3095,227
2.0,3,5958,125
3.0,2,7300,117
1.5,3,4950,77
1.0,1,4140,120
2.0,3,3495,76
1.0,1,3000,22
0.0,0,2900,0
1.0,1,2995,36
1.0,1,2895,85
1.0,0,1700,41
2.0,3,4995,165
1.0,2,4300,75
1.0,1,3650,65
1.0,2,3450,29
2.0,2,6000,262
1.0,1,2800,31
1.0,3,3500,66
1.0,1,2600,23
1.0,2,2950,45
1.0,3,4195,154
1.0,1,2200,223
1.0,3,6295,110
1.0,2,4200,78
1.0,0,2650,45
1.0,1,4500,44
1.0,1,3175,75
1.0,3,3780,105
1.0,0,2500,102
2.0,4,5000,106
1.0,1,2150,42
1.0,1,1300,79
2.5,3,12200,104
1.0,2,-3050,63
1.0,2,3300,111
2.0,3,5995,57
2.0,5,7400,83
1.0,0,1945,75
1.0,1,4665,127
2.0,2,7000,70
1.0,3,2895,120
1.0,1,3750,74
3.0,4,8650,108
1.0,1,2500,42
1.0,3,4780,162
1.0,0,2400,0
1.0,3,3700,46
3.0,4,14000,101
1.0,2,3295,105
1.0,1,3415,61
1.0,0,2900,176
1.0,1,2990,93
1.0,1,2595,31
1.0,2,3300,92
2.0,2,6200,187
0.0,1,2300,99
1.0,1,5000,153
1.0,2,4500,64
1.0,1,2400,110
2.0,2,3000,41
1.0,1,2995,116
1.0,1,3230,74
1.0,3,3995,345
1.0,0,2500,82
1.0,2,3100,59
1.0,1,3250,70
1.0,3,3900,106
1.0,2,2295,63
1.0,0,2650,63
1.0,0,2390,65
1.0,3,4900,52
1.0,0,2650,152
1.0,1,1450,72
1.0,0,2100,186
1.0,0,2200,125
1.0,1,2700,97
1.0,0,1500,32
2.0,4,6395,142
2.0,3,4900,75
1.0,2,2000,48
1.0,0,2375,105
1.0,1,3200,83
1.0,1,3700,207
1.0,0,2310,104
1.0,2,-3550,118
2.0,3,7000,88
1.0,2,2050,44
1.0,0,2350,63
1.0,0,2695,0
1.0,0,1095,22
1.0,1,2650,123
1.0,1,1995,15
1.0,0,1525,57
1.0,0,2100,3
1.0,1,3290,107
2.0,4,6300,110
1.0,0,2375,0
1.0,1,1600,52
3.0,4,22000,94
1.0,1,2500,37
1.0,0,3345,70
1.0,0,3000,122
1.0,1,2525,78
1.0,0,2395,84
1.0,2,2800,0
1.0,3,4995,108
1.0,3,3850,48
1.0,2,2315,74
1.0,0,3004,112
1.0,2,2995,169
1.0,2,2900,29
2.0,2,4100,165
2.0,2,9500,107
1.0,1,3000,75
2.0,3,6900,89
1.0,2,1875,47
1.0,1,2900,125
1.0,1,2800,106
1.0,2,3200,162
1.0,3,5500,190
1.0,2,3692,129
1.0,0,2500,127
1.0,0,3022,51
1.0,2,3775,59
1.5,2,4800,118
1.0,1,4054,0
1.0,0,2700,79
1.0,1,5250,86
1.0,1,2500,59
2.0,4,6000,125
1.0,1,2800,70
1.0,1,2700,69
1.0,0,1625,28
1.0,2,4500,47
1.0,1,2400,44
1.0,2,3595,67
1.0,1,3578,120
1.0,2,4050,67
2.0,3,3434,151
1.0,2,3200,10
1.0,2,4950,104
2.0,3,4800,151
1.0,2,2800,64
2.0,3,2800,31
0.0,0,3300,0
2.0,2,3200,81
1.0,0,2390,33
1.0,0,2100,114
1.0,2,3395,82
1.0,1,3325,95
1.0,1,3700,137
2.0,3,4950,134
2.0,2,4710,47
1.0,1,3200,45
1.0,1,3295,108
1.0,1,3650,47
1.0,0,1975,142
1.0,1,3250,103
1.0,0,2600,114
1.0,1,3450,64
1.0,1,-2400,48
1.0,1,2200,52
1.0,1,3400,101
1.0,3,-6600,49
1.0,0,2025,14
1.0,1,2399,56
1.0,0,1850,39
1.0,1,2900,47
1.0,3,-4350,200
3.0,3,11750,132
1.0,3,2700,63
1.0,1,5400,71
1.0,2,3095,0
1.0,1,2995,0
1.0,2,2250,80
1.0,2,3500,61
1.0,1,3500,124
1.0,1,3800,2
1.0,1,2900,0
2.0,3,2400,43
1.0,1,-2549,146
1.0,3,2950,83
2.0,4,3199,212
1.0,0,2000,69
1.0,2,2400,51
1.0,2,5500,136
1.0,1,3200,74
1.0,1,1575,59
1.0,1,3625,0
1.0,2,2200,70
1.0,1,3595,114
1.0,0,1950,60
1.0,4,5700,81
1.0,2,3600,188
1.0,2,2350,40
2.0,2,7500,105
1.0,1,2595,63
1.0,0,1675,0
1.0,1,2995,102
1.0,1,2500,121
1.0,3,4600,72
1.0,2,3295,147
1.0,0,2100,105
2.0,2,5850,93
1.0,3,5450,49
1.0,1,2300,130
1.0,1,3000,118
1.0,2,2945,112
1.0,1,3450,109
1.0,0,2350,43
1.0,2,3200,195
1.0,0,3625,51
1.0,2,3300,88
1.0,1,3570,53
2.0,2,6000,63
1.0,0,3065,75
1.0,2,3400,95
1.0,0,1795,96
1.0,1,1700,0
1.0,1,4309,61
1.0,1,3345,84
2.0,3,2600,75
2.0,2,3900,96
1.0,2,2050,49
1.0,1,4000,169
2.0,3,4200,89
1.0,1,3595,91
1.0,2,3300,61
1.0,1,2995,14
1.0,1,3800,52
1.0,1,-3550,207
1.0,2,2350,44
1.0,0,1850,8
1.0,1,-2600,75
2.0,4,7995,15
2.0,4,8000,41
1.0,1,2200,91
1.0,3,4150,102
1.0,1,4130,0
1.0,0,3200,232
2.5,3,6090,144
1.0,2,4950,71
1.0,2,3350,90
1.0,2,3185,117
1.0,2,3390,138
1.0,1,1850,109
1.0,1,3450,73
1.0,2,3600,132
1.0,0,1850,73
1.0,1,2350,80
1.0,1,2900,79
1.0,0,2625,93
1.0,1,2200,0
1.0,1,5000,84
2.0,3,4295,108
1.0,1,2675,52
2.0,1,4795,130
1.0,1,-2649,61
1.0,2,2400,69
1.0,1,2500,37
2.0,2,3020,295
1.0,0,2045,68
2.0,2,2995,25
1.0,1,2750,66
1.0,3,4995,128
1.0,2,4200,69
1.0,2,2800,35
1.0,2,1575,0
1.0,2,3300,58
1.0,2,3000,125
1.0,0,2795,35
1.0,1,2295,135
2.0,2,4500,106
1.0,0,2400,171
1.0,0,3200,148
1.0,2,2300,139
1.0,0,2575,113
3.0,2,8795,108
2.0,1,3500,73
1.0,1,2695,76
2.0,3,6800,93
2.0,4,4550,152
1.0,2,3075,90
2.0,2,8500,140
1.0,3,4000,0
3.0,3,11000,114
1.0,1,2200,18
1.0,0,2250,52
1.0,1,2650,159
2.0,3,6000,88
2.0,3,5000,102
1.0,1,1850,119
1.0,2,5194,0
1.0,0,2658,108
1.0,0,2100,66
1.0,2,5500,28
1.0,0,2600,187
1.0,2,-2500,65
1.0,0,1850,47
1.0,0,1900,64
1.0,2,3200,71
1.0,0,2500,8
1.0,1,3595,124
2.0,3,5600,108
1.0,1,3595,129
1.0,1,2620,64
2.0,5,5800,59
1.0,1,2500,131
1.0,1,2700,135
2.0,2,6295,104
1.0,0,2290,96
1.0,0,4000,107
1.0,2,1900,97
1.0,1,2600,117
1.0,1,2925,101
1.0,1,2400,145
1.0,2,5300,95
2.0,5,6500,0
1.0,0,2150,88
2.0,2,4795,78
1.0,0,2300,75
1.0,0,2295,123
1.0,1,3600,187
1.0,1,2650,82
0.0,2,1900,0
1.0,1,3550,102
1.0,1,2095,2
1.0,0,3350,82
1.0,0,3850,34
1.0,1,2000,52
1.0,3,4459,77
2.5,4,10000,75
1.0,1,1725,0
1.0,1,2500,71
1.0,1,3995,81
1.0,2,3500,76
1.0,3,3643,135
1.0,2,3750,123
1.0,0,1550,72
2.0,2,5075,186
1.0,0,4195,44
1.0,2,2995,96
1.0,0,2600,51
1.0,3,2200,63
1.0,2,3579,151
1.0,1,2500,63
1.0,1,4358,86
1.0,0,2049,31
1.0,1,5015,163
1.5,0,6695,80
1.0,3,4300,6
1.0,2,4475,151
1.0,2,3850,83
1.0,1,4100,282
1.0,2,4057,98
1.0,0,1875,58
1.0,2,2200,21
1.0,2,3450,177
1.0,2,2928,77
1.0,0,2594,107
1.0,0,2495,43
1.0,2,4850,98
1.0,2,4450,124
1.0,2,3500,94
1.0,0,1350,83
1.0,1,4010,227
1.0,0,3162,208
1.0,2,3230,138
2.0,3,3700,226
2.0,3,4200,71
2.0,3,5000,121
1.0,1,2350,132
1.0,1,2595,33
1.0,3,-2900,151
1.0,0,2485,50
1.0,2,3800,65
1.0,0,2000,36
1.0,1,1650,15
1.0,2,3295,53
1.0,3,4200,0
1.0,1,3200,188
3.0,4,3800,182
2.0,4,5500,76
1.0,1,3495,96
1.0,0,3813,46
2.0,3,-6645,121
2.0,2,5395,111
1.0,2,2750,108
1.0,2,3100,149
1.0,0,1244,14
2.0,2,8895,81
2.5,2,35000,119
1.0,0,3000,58
2.0,2,5300,170
1.0,0,-3450,105
1.0,1,3807,91
1.0,0,1600,46
2.0,2,4340,64
1.0,2,3795,0
1.0,3,2300,81
1.0,3,2800,37
2.0,3,5500,47
1.0,1,2895,6
2.0,2,7350,121
1.0,2,2500,143
1.0,1,2750,0
1.0,1,3500,200
2.0,3,4000,116
1.0,0,1995,80
1.0,2,3275,58
2.0,2,4675,107
1.0,0,2625,177
1.0,2,3300,45
2.0,2,5995,190
1.0,0,1400,24
1.0,2,3400,169
1.0,1,1725,86
1.0,2,3300,25
1.0,2,2550,128
1.0,0,1900,76
1.0,3,5600,57
1.0,2,3195,109
1.0,1,2470,57
1.0,1,3600,70
2.0,4,7900,103
1.0,1,2995,0
1.0,0,2121,150
1.0,0,1700,72
1.0,3,3965,68
1.0,2,2525,83
1.0,0,3230,96
1.0,1,2200,80
1.0,0,999,0
1.0,1,3195,0
1.0,1,1795,0
1.0,2,-2350,142
1.0,3,4200,86
1.0,0,2695,145
1.0,3,5500,29
1.0,1,-2975,187
1.0,1,3500,0
1.0,2,3200,49
1.0,1,3700,237
1.0,2,2300,20
1.0,1,2600,77
1.0,0,1800,98
1.0,0,1895,79
0.0,0,2039,0
2.0,3,7250,107
1.5,2,4495,106
1.0,0,3100,125
1.0,1,1850,72
1.0,1,2275,78
1.0,1,2800,145
1.0,0,2595,77
1.0,0,2195,20
1.0,2,3223,118
1.0,3,2500,48
1.0,2,2857,114
1.0,1,4025,147
1.5,4,4400,111
1.0,1,-2598,79
1.0,0,1995,29
1.0,2,3000,76
1.0,0,2600,234
1.0,2,2700,63
1.0,2,3695,133
1.0,3,3505,128
3.0,3,18000,144
1.0,1,2795,80
1.0,2,2900,146
1.0,1,3200,76
1.0,2,2760,149
1.0,1,3450,64
1.0,1,3495,6
1.0,2,2295,74
1.0,2,5795,135
1.0,0,2550,295
1.0,2,3550,61
1.0,0,2723,115
1.0,0,2300,57
1.0,2,1795,33
0.0,1,2450,88
1.0,2,3549,94
1.0,2,2850,35
1.0,0,1850,53
1.0,0,2495,20
1.0,3,5450,44
1.0,1,4500,56
1.0,1,1675,137
3.0,3,2700,46
2.0,2,5951,231
1.0,1,1900,0
1.0,2,3150,0
1.0,1,3000,139
1.0,1,1550,124
4.0,4,6500,156
1.0,2,3500,69
1.0,3,1900,212
1.0,1,2700,90
1.0,0,-2075,88
1.0,2,4000,69
1.0,1,2575,57
1.0,1,3500,37
2.0,2,5545,343
1.5,3,2995,128
1.0,3,4500,65
2.0,4,5200,83
1.0,3,2200,93
1.0,2,5195,0
1.0,2,1900,56
2.0,2,5475,249
1.0,2,3300,50
3.0,5,10000,5
1.0,0,2550,172
1.0,1,3775,0
1.0,1,2450,92
1.0,0,1995,96
2.0,2,3500,49
1.0,2,3900,42
0.0,0,2800,79
1.0,0,2450,58
1.0,1,2200,136
1.0,2,2995,36
1.0,1,3195,85
2.0,2,5900,0
1.0,3,4000,49
1.0,1,2700,152
1.0,1,2900,66
2.0,3,3695,92
1.0,0,1995,63
2.0,2,5785,177
1.0,2,3300,101
1.0,1,2978,244
1.0,1,3200,105
1.0,4,-6000,116
2.0,3,3495,106
1.0,1,5164,270
1.0,0,4095,93
2.0,2,4870,147
2.0,2,2950,52
1.0,0,1795,100
1.0,2,3400,99
1.0,0,2550,0
1.0,1,2600,124
1.0,2,3400,65
1.0,2,3600,80
1.0,0,2099,97
2.0,4,5750,101
1.0,2,2600,174
1.0,2,3500,70
1.0,0,2595,237
2.0,3,4750,78
1.0,0,2125,64
1.0,2,3253,122
1.0,1,3995,18
2.0,3,5495,0
2.0,3,5999,166
2.0,2,-3800,51
1.0,1,2150,29
1.0,1,1955,90
2.0,4,8000,130
1.0,2,4525,66
1.0,0,2895,126
1.0,0,2595,96
1.0,0,3850,68
1.0,0,1825,33
1.0,3,3957,156
1.0,2,3050,97
1.0,2,3500,117
1.0,0,1575,130
1.0,1,1700,116
1.0,0,2660,112
1.0,0,2630,95
1.0,2,2450,47
1.0,1,3200,105
1.0,2,3600,138
1.0,2,-3200,89
1.0,1,3000,54
1.0,2,5542,99
1.0,0,2300,94
1.0,2,4295,39
1.0,1,-5895,87
2.0,3,14995,126
2.0,4,5200,159
1.0,0,2539,63
1.0,2,1850,30
1.0,0,-1950,83
1.5,2,3300,105
3.5,3,30000,106
1.0,2,3200,72
1.0,0,2600,67
1.0,1,3750,89
1.0,1,4950,65
1.0,2,2700,146
1.0,1,3600,86
1.0,1,2500,127
1.0,0,2325,60
2.0,2,4900,113
1.0,0,2350,81
1.0,1,2850,0
1.0,2,3750,48
4.5,4,24000,103
1.0,0,2250,27
1.0,1,3140,186
1.0,2,3150,125
2.0,2,11000,152
1.0,2,1900,97
1.0,1,3300,134
1.0,2,3950,90
1.0,0,1400,60
1.0,1,1600,101
1.0,3,3900,183
1.0,0,2150,22
1.0,0,2820,239
1.0,0,1750,49
1.0,1,5000,301
1.0,3,2875,138
1.0,1,3295,183
1.0,2,3350,43
1.0,3,4050,89
1.0,1,3290,27
1.0,1,3000,77
1.0,2,2400,0
1.0,2,1995,49
1.0,2,2480,31
2.0,3,5050,164
1.0,1,2585,71
1.0,2,3295,66
1.0,0,2195,66
1.0,0,2425,33
1.0,0,2295,36
2.0,1,2795,170
1.0,0,2500,151
1.0,2,4280,147
1.0,2,3800,156
1.0,0,1850,43
1.0,1,2500,103
2.0,2,2650,67
1.0,0,2300,154
1.0,1,3200,87
2.0,2,5745,0
1.0,2,3350,102
1.0,1,3895,81
1.0,1,1500,17
2.0,3,5700,62
1.0,1,2495,49
1.0,0,1545,13
1.0,1,2500,111
1.0,0,1850,40
1.0,0,2550,154
1.0,2,2850,79
1.0,0,1895,96
1.0,1,2300,98
2.0,4,7900,70
1.0,1,3300,157
1.0,1,2653,91
2.0,2,4500,153
1.0,2,3230,85
1.0,2,3080,232
1.0,2,-3295,86
1.0,0,2498,112
1.0,1,2050,75
1.0,2,4149,15
2.0,4,7995,131
1.0,2,1900,40
1.0,0,2650,26
1.0,1,2100,38
1.0,2,4200,126
2.0,2,4795,102
1.0,3,4900,56
1.0,2,2995,161
2.0,3,2650,31
1.0,1,2660,148
2.0,2,4800,0
1.0,1,4095,109
1.0,1,3100,22
1.0,0,4900,214
1.0,0,1900,58
1.0,1,4600,97
1.0,2,4800,93
1.0,2,4400,0
1.0,1,2395,74
0.0,0,1850,2
1.0,0,2795,36
1.0,1,4361,110
1.0,3,-2595,53
1.0,0,2195,50
2.0,3,2550,256
1.0,1,2695,74
2.0,3,5967,131
2.0,3,5000,87
1.0,1,3695,87
1.0,1,2500,33
2.0,2,4400,86
1.0,0,1800,139
2.0,2,4760,183
1.0,1,3500,64
1.0,1,2650,22
2.0,3,3580,177
4.0,3,12495,29
1.0,0,1825,62
1.0,0,2450,106
1.0,2,3995,46
1.0,3,2200,63
1.0,1,4186,113
1.0,2,1900,86
1.0,0,1925,51
1.0,1,3595,66
1.0,1,3500,118
1.0,0,2625,262
1.0,0,2895,39
1.0,0,3795,0
1.0,0,2150,0
1.5,1,3578,185
1.0,3,3000,125
3.0,3,11000,124
1.0,1,2175,41
2.0,3,4975,165
1.0,1,3325,89
3.0,3,9500,170
1.0,2,3150,83
1.0,0,2410,94
1.0,0,2299,7
1.0,0,1500,164
1.0,2,2500,83
1.0,1,2495,0
1.0,2,3355,101
1.0,2,2700,47
1.0,0,1450,98
3.0,3,10500,129
2.0,3,4450,59
1.0,1,3000,88
1.0,1,2195,42
2.0,1,3500,73
1.0,2,4300,125
1.0,0,1763,2
1.0,2,6200,172
1.0,1,2325,50
2.0,1,4800,80
1.0,2,2900,56
1.0,0,2500,44
1.0,0,1725,89
1.0,1,1800,31
1.0,2,3200,92
1.0,0,2890,0
1.0,0,2395,0
1.0,2,3450,77
2.0,2,4500,94
1.0,2,3250,89
1.0,2,3595,169
2.0,3,5000,75
1.0,2,4295,185
2.0,3,3700,98
1.0,1,1850,65
1.0,2,3350,60
1.0,1,3100,103
1.0,2,2813,91
2.0,2,3500,94
1.0,0,1925,100
1.0,1,2750,235
3.0,1,4140,68
1.0,2,2675,46
1.0,3,2995,65
2.0,3,13300,104
1.0,2,2999,55
1.0,2,3250,34
1.0,0,2700,86
1.0,2,2600,69
1.0,0,2425,190
1.0,3,3800,96
1.0,0,1800,36
1.0,1,3550,0
1.0,2,2895,43
2.0,3,2200,66
2.0,3,5500,93
1.0,1,3550,66
1.0,3,3389,73
1.0,2,3050,125
1.0,2,2400,29
2.0,4,2900,57
1.5,1,3600,37
2.0,3,5370,130
1.0,3,3795,0
1.0,0,2450,87
1.0,2,2300,35
1.0,2,4250,111
1.0,1,3200,0
1.0,2,3100,111
1.0,0,2650,136
2.0,4,5000,62
1.0,1,2895,66
1.0,1,1425,25
1.0,1,4860,54
1.0,2,1950,127
0.0,0,4295,90
1.0,2,4410,42
2.0,2,2500,79
1.0,1,2800,71
2.0,2,13000,160
1.0,1,2995,29
1.0,1,3721,162
1.0,2,3200,71
1.0,2,3850,119
1.0,1,4000,142
1.0,2,1950,136
2.0,1,4995,92
1.0,2,7200,145
1.0,1,2800,131
1.0,1,3725,120
